Date,Time,Pressure_hPa,Temperature_C,RH_percent,Wind_Speed_mps,Wind_Direction_deg,SR_Wm2
2026-01-01,00:00,1012.98,5.15,87.46,3.26,186.1,4.86
2026-01-01,00:10,1012.96,4.58,78.22,3.28,194.6,0.0
2026-01-01,00:20,1014.36,5.02,86.17,1.95,196.0,0.0
2026-01-01,00:30,1012.14,5.53,82.6,3.78,146.6,0.0
2026-01-01,00:40,1012.52,4.21,83.1,1.69,203.0,5.22
2026-01-01,00:50,1014.39,4.13,74.42,2.32,190.6,6.6
2026-01-01,01:00,1012.83,5.32,73.68,3.15,167.8,10.69
2026-01-01,01:10,1014.39,4.7,81.76,2.26,165.5,4.18
2026-01-01,01:20,1015.26,3.78,83.76,3.1,176.5,2.06
2026-01-01,01:30,1013.23,4.45,78.37,3.13,153.0,22.25
2026-01-01,01:40,1014.38,3.72,78.59,2.88,229.2,0.0
2026-01-01,01:50,1012.61,3.71,85.23,3.64,223.9,20.35
2026-01-01,02:00,1014.58,4.2,85.25,2.94,198.6,0.0
2026-01-01,02:10,1014.09,2.7,82.43,3.31,182.3,6.85
2026-01-01,02:20,1014.42,2.85,86.06,3.99,183.6,0.0
2026-01-01,02:30,1013.37,3.69,78.17,3.78,208.1,0.0
2026-01-01,02:40,1012.41,3.42,81.35,3.82,233.7,5.81
2026-01-01,02:50,1014.63,4.4,89.24,2.51,176.1,12.51
2026-01-01,03:00,1012.12,3.61,82.76,3.72,163.0,5.68
2026-01-01,03:10,1013.92,3.33,82.81,2.77,230.2,0.0
2026-01-01,03:20,1015.23,5.43,91.32,2.52,147.5,43.34
2026-01-01,03:30,1014.54,4.35,76.26,3.4,167.5,14.38
2026-01-01,03:40,1016.34,4.66,84.78,2.85,187.2,11.2
2026-01-01,03:50,1015.47,3.73,87.96,4.07,154.9,0.0
2026-01-01,04:00,1013.83,4.48,79.69,4.11,222.4,0.0
2026-01-01,04:10,1014.56,5.08,84.09,2.23,216.6,0.0
2026-01-01,04:20,1014.52,4.34,76.36,3.01,181.4,12.98
2026-01-01,04:30,1013.03,5.57,77.15,2.59,228.3,0.0
2026-01-01,04:40,1013.71,5.05,81.03,3.3,233.2,0.0
2026-01-01,04:50,1014.12,5.44,82.25,3.96,194.7,6.47
2026-01-01,05:00,1012.68,5.41,83.09,3.49,186.9,3.83
2026-01-01,05:10,1014.8,7.32,84.41,3.26,255.2,0.0
2026-01-01,05:20,1014.53,6.21,77.37,4.59,217.3,0.0
2026-01-01,05:30,1013.13,5.68,81.91,2.08,206.3,17.25
2026-01-01,05:40,1015.23,7.21,75.23,4.56,234.6,4.28
2026-01-01,05:50,1015.56,6.0,79.67,3.32,208.6,0.0
2026-01-01,06:00,1015.09,7.23,76.33,3.65,189.0,0.0
2026-01-01,06:10,1014.56,5.94,76.71,3.33,204.2,24.86
2026-01-01,06:20,1015.49,6.62,76.03,4.78,228.8,67.14
2026-01-01,06:30,1015.59,7.93,67.32,2.83,153.6,94.54
2026-01-01,06:40,1015.23,8.56,68.63,3.69,196.7,129.89
2026-01-01,06:50,1014.11,8.41,72.92,4.04,239.1,127.12
2026-01-01,07:00,1015.21,8.46,65.13,2.53,192.3,176.13
2026-01-01,07:10,1016.13,8.59,74.57,3.0,244.3,218.68
2026-01-01,07:20,1014.34,8.03,74.09,3.52,241.6,245.31
2026-01-01,07:30,1017.04,8.82,71.27,2.99,205.1,260.95
2026-01-01,07:40,1014.41,9.26,64.82,3.02,193.1,311.68
2026-01-01,07:50,1014.96,10.59,74.17,3.32,200.7,317.14
2026-01-01,08:00,1014.25,10.35,76.15,3.99,275.1,348.09
2026-01-01,08:10,1015.14,9.14,67.93,3.27,255.9,361.24
2026-01-01,08:20,1013.16,10.87,68.73,4.24,212.7,375.79
2026-01-01,08:30,1014.34,10.63,66.85,2.75,194.9,398.38
2026-01-01,08:40,1013.78,10.69,67.52,2.54,213.6,434.03
2026-01-01,08:50,1014.99,11.85,64.28,4.73,217.3,451.47
2026-01-01,09:00,1015.83,12.4,63.98,2.89,180.7,454.08
2026-01-01,09:10,1015.47,12.58,67.11,2.39,214.3,483.4
2026-01-01,09:20,1012.43,11.59,72.25,2.05,245.9,511.36
2026-01-01,09:30,1016.82,12.21,56.66,3.98,168.4,542.41
2026-01-01,09:40,1015.04,12.9,61.25,2.95,234.6,550.98
2026-01-01,09:50,1013.95,13.59,56.35,2.97,248.8,566.76
2026-01-01,10:00,1014.85,12.8,66.87,2.99,201.0,571.16
2026-01-01,10:10,1014.84,13.24,57.59,3.76,257.9,597.56
2026-01-01,10:20,1013.97,12.81,53.62,2.88,198.8,626.26
2026-01-01,10:30,1014.81,12.96,61.42,4.6,227.6,624.29
2026-01-01,10:40,1013.97,14.57,65.34,3.0,209.4,615.15
2026-01-01,10:50,1014.14,15.15,60.52,3.6,209.9,627.83
2026-01-01,11:00,1013.82,14.34,58.21,3.37,202.7,658.31
2026-01-01,11:10,1013.04,15.28,58.58,2.73,236.1,655.71
2026-01-01,11:20,1014.59,15.01,62.17,2.3,240.4,663.41
2026-01-01,11:30,1014.99,14.47,52.6,2.89,218.0,661.6
2026-01-01,11:40,1014.89,15.33,55.27,2.96,186.2,678.36
2026-01-01,11:50,1015.16,16.3,53.54,2.15,230.7,670.81
2026-01-01,12:00,1014.63,15.34,50.34,2.62,231.7,672.99
2026-01-01,12:10,1013.73,16.59,53.38,3.31,216.2,664.54
2026-01-01,12:20,1015.07,13.77,58.84,3.84,268.8,684.06
2026-01-01,12:30,1012.84,16.29,56.41,2.94,183.5,667.3
2026-01-01,12:40,1013.26,15.87,56.48,3.6,167.7,672.93
2026-01-01,12:50,1013.16,15.69,54.28,1.8,205.3,645.73
2026-01-01,13:00,1015.17,16.04,55.6,2.68,241.8,674.01
2026-01-01,13:10,1015.0,14.65,50.15,3.08,198.1,660.44
2026-01-01,13:20,1014.51,15.94,51.99,1.46,200.5,612.86
2026-01-01,13:30,1015.06,16.39,53.9,1.7,249.2,615.61
2026-01-01,13:40,1013.08,17.2,54.17,3.21,237.5,619.23
2026-01-01,13:50,1014.28,15.82,54.3,1.26,235.8,584.75
2026-01-01,14:00,1013.77,15.63,52.45,0.96,246.4,584.94
2026-01-01,14:10,1014.72,15.84,51.5,2.92,216.7,576.46
2026-01-01,14:20,1013.73,16.82,65.69,2.65,218.3,552.84
2026-01-01,14:30,1013.43,16.38,56.76,2.07,248.4,544.17
2026-01-01,14:40,1014.33,15.74,54.88,1.7,195.0,511.01
2026-01-01,14:50,1014.65,16.42,52.42,1.38,175.5,473.02
2026-01-01,15:00,1013.08,16.07,51.71,1.85,218.7,491.4
2026-01-01,15:10,1013.67,16.61,53.17,2.72,253.2,470.06
2026-01-01,15:20,1012.65,15.36,55.08,1.75,236.7,466.25
2026-01-01,15:30,1011.19,15.53,46.62,3.06,252.2,386.73
2026-01-01,15:40,1013.88,15.38,48.13,0.89,180.8,398.44
2026-01-01,15:50,1014.27,14.52,52.15,1.47,239.5,341.26
2026-01-01,16:00,1013.91,15.62,55.84,1.2,248.4,360.72
2026-01-01,16:10,1011.69,15.47,54.39,0.68,198.7,319.59
2026-01-01,16:20,1013.28,15.14,61.63,1.31,254.4,275.8
2026-01-01,16:30,1011.41,14.82,50.17,1.68,230.4,269.51
2026-01-01,16:40,,13.83,53.5,1.74,310.4,225.92
2026-01-01,16:50,1012.54,14.36,63.02,2.87,179.6,208.12
2026-01-01,17:00,1014.88,14.24,57.92,1.67,268.6,178.54
2026-01-01,17:10,1014.57,13.73,61.41,2.13,224.9,168.21
2026-01-01,17:20,1012.73,13.98,66.56,1.36,194.7,139.97
2026-01-01,17:30,1012.5,14.18,56.09,2.48,222.4,81.69
2026-01-01,17:40,1014.0,15.0,59.0,2.98,242.8,72.05
2026-01-01,17:50,1012.81,13.59,58.85,1.67,262.2,33.97
2026-01-01,18:00,1013.77,13.43,52.68,0.61,279.7,0.0
2026-01-01,18:10,1013.2,12.97,59.83,0.92,272.5,0.0
2026-01-01,18:20,1011.92,11.44,65.18,1.5,213.2,28.03
2026-01-01,18:30,1011.49,12.53,64.42,1.63,265.9,4.29
2026-01-01,18:40,1013.97,12.35,65.35,1.81,247.8,12.0
2026-01-01,18:50,1013.21,13.79,61.99,1.65,222.0,0.0
2026-01-01,19:00,1013.24,11.68,61.49,1.35,233.4,0.0
2026-01-01,19:10,1014.52,11.77,69.83,0.91,221.3,0.33
2026-01-01,19:20,1015.03,11.28,63.41,1.65,240.3,0.0
2026-01-01,19:30,1013.62,10.23,67.22,2.69,221.4,0.0
2026-01-01,19:40,1013.58,11.59,67.35,2.13,214.3,0.0
2026-01-01,19:50,1014.46,11.06,73.19,1.81,252.3,8.49
2026-01-01,20:00,1012.64,10.83,71.89,2.18,256.3,0.0
2026-01-01,20:10,1014.27,9.38,63.47,1.23,236.2,0.31
2026-01-01,20:20,1014.64,10.74,64.56,1.16,275.4,2.82
2026-01-01,20:30,1014.81,8.52,72.27,1.02,235.0,3.76
2026-01-01,20:40,1012.24,9.65,70.35,1.49,234.2,13.76
2026-01-01,20:50,1013.46,10.52,69.43,1.32,258.6,0.0
2026-01-01,21:00,1013.39,8.04,75.94,2.5,239.1,6.84
2026-01-01,21:10,1014.42,8.09,73.26,1.36,244.8,9.06
2026-01-01,21:20,1014.86,8.31,73.34,1.17,179.9,11.83
2026-01-01,21:30,1015.93,7.64,76.86,3.13,243.6,0.0
2026-01-01,21:40,1013.99,6.67,72.84,1.5,197.8,3.06
2026-01-01,21:50,1014.04,7.58,81.2,1.96,213.2,20.59
2026-01-01,22:00,1015.75,6.56,72.35,2.22,210.6,0.0
2026-01-01,22:10,1014.95,7.41,78.69,1.15,218.1,5.8
2026-01-01,22:20,1015.98,6.22,82.34,2.86,230.7,9.36
2026-01-01,22:30,1015.07,7.74,71.62,2.49,232.5,0.0
2026-01-01,22:40,1013.68,5.9,76.27,3.18,261.5,22.01
2026-01-01,22:50,1013.57,6.03,82.7,1.66,250.7,5.99
2026-01-01,23:00,1013.41,6.64,83.24,2.26,197.8,6.23
2026-01-01,23:10,1015.69,5.03,78.37,2.27,247.6,0.0
2026-01-01,23:20,1016.28,5.88,76.55,2.48,253.7,9.53
2026-01-01,23:30,1017.0,6.47,83.72,1.33,237.8,6.08
2026-01-01,23:40,1016.06,4.28,85.02,2.47,244.7,19.49
2026-01-01,23:50,1016.44,5.39,75.99,1.45,251.1,0.0
2026-01-02,00:00,1014.77,5.31,76.17,2.75,265.7,0.0
2026-01-02,00:10,1014.25,5.55,82.21,1.06,207.4,0.0
2026-01-02,00:20,1016.32,4.03,84.11,1.31,240.8,0.0
2026-01-02,00:30,1015.95,3.86,80.66,3.23,284.8,0.0
2026-01-02,00:40,1015.71,5.06,84.81,2.33,282.7,15.48
2026-01-02,00:50,1016.05,4.82,79.47,2.07,268.7,15.93
2026-01-02,01:00,1016.05,4.72,74.03,3.7,261.0,0.0
2026-01-02,01:10,1017.07,4.72,80.95,3.09,289.1,0.0
2026-01-02,01:20,1017.14,3.96,83.03,3.52,295.9,0.0
2026-01-02,01:30,1016.45,4.56,81.77,2.84,244.8,8.35
2026-01-02,01:40,1016.81,4.57,78.31,4.88,224.0,19.84
2026-01-02,01:50,1016.54,3.85,75.72,2.63,241.6,0.0
2026-01-02,02:00,1015.62,5.66,80.94,4.32,325.9,0.0
2026-01-02,02:10,1016.89,4.69,86.58,3.1,209.4,5.21
2026-01-02,02:20,1014.79,3.54,87.97,2.03,237.0,20.69
2026-01-02,02:30,1017.29,4.87,87.62,3.57,213.5,2.4
2026-01-02,02:40,1015.1,3.77,79.51,3.49,252.1,2.35
2026-01-02,02:50,1016.63,5.05,78.03,2.57,219.0,2.15
2026-01-02,03:00,1015.54,5.38,84.48,2.7,246.4,0.0
2026-01-02,03:10,1016.99,4.07,84.85,3.37,200.5,0.0
2026-01-02,03:20,1016.45,5.4,83.7,3.66,264.8,0.0
2026-01-02,03:30,1014.93,5.12,73.8,1.72,280.0,12.15
2026-01-02,03:40,1016.98,5.51,78.13,4.22,239.9,0.0
2026-01-02,03:50,1016.02,6.38,81.19,3.17,246.2,0.0
2026-01-02,04:00,1017.52,5.01,82.94,2.61,245.5,0.0
2026-01-02,04:10,1016.67,4.79,83.72,4.22,254.2,0.0
2026-01-02,04:20,1017.1,4.84,80.86,3.57,248.8,20.43
2026-01-02,04:30,1015.78,5.05,81.22,4.46,269.0,0.0
2026-01-02,04:40,1016.17,5.73,79.83,3.93,280.7,0.0
2026-01-02,04:50,1016.33,6.2,81.8,3.64,229.5,0.3
2026-01-02,05:00,1017.67,6.34,79.86,3.55,242.2,21.06
2026-01-02,05:10,1018.51,6.92,78.4,4.01,272.5,0.0
2026-01-02,05:20,1016.05,6.54,76.57,3.39,214.4,0.0
2026-01-02,05:30,1017.94,7.76,77.46,3.09,200.7,0.0
2026-01-02,05:40,1014.71,6.77,78.54,4.12,255.6,1.55
2026-01-02,05:50,1015.7,9.08,77.13,3.6,262.4,8.26
2026-01-02,06:00,1015.94,7.84,77.02,3.72,231.9,12.08
2026-01-02,06:10,1015.56,7.03,80.3,4.46,235.5,17.7
2026-01-02,06:20,1015.33,7.12,75.4,3.62,231.0,49.04
2026-01-02,06:30,1017.33,8.45,71.14,3.7,228.3,86.68
2026-01-02,06:40,1016.7,8.2,76.66,3.26,267.3,128.72
2026-01-02,06:50,1017.29,9.11,67.05,3.97,220.4,135.11
2026-01-02,07:00,1017.6,9.19,67.56,3.9,243.3,172.4
2026-01-02,07:10,1017.17,9.06,72.59,4.28,227.2,201.71
2026-01-02,07:20,1017.55,8.78,72.67,3.22,213.4,248.87
2026-01-02,07:30,1016.81,8.57,64.98,3.29,271.5,272.21
2026-01-02,07:40,1015.68,9.58,67.78,4.14,236.7,304.53
2026-01-02,07:50,1017.91,10.76,66.23,3.74,254.4,337.02
2026-01-02,08:00,1016.24,10.57,66.05,2.9,211.9,343.96
2026-01-02,08:10,1015.88,9.82,71.12,4.43,231.0,359.4
2026-01-02,08:20,1016.61,11.07,69.52,2.29,268.4,384.79
2026-01-02,08:30,1015.85,11.48,65.97,4.0,314.1,401.48
2026-01-02,08:40,1016.32,10.85,63.21,2.53,199.9,441.81
2026-01-02,08:50,1017.05,11.84,59.35,4.7,244.2,465.65
2026-01-02,09:00,1017.03,12.03,69.8,2.27,259.4,501.76
2026-01-02,09:10,1015.75,11.44,65.86,4.12,233.6,513.64
2026-01-02,09:20,1016.13,12.74,60.04,3.21,270.2,527.71
2026-01-02,09:30,1017.65,13.13,65.14,2.97,227.2,551.35
2026-01-02,09:40,1017.04,13.74,61.38,3.32,252.6,558.38
2026-01-02,09:50,1018.58,13.95,59.93,3.59,235.5,600.19
2026-01-02,10:00,1017.65,12.48,62.24,2.47,279.0,594.37
2026-01-02,10:10,1017.57,13.02,56.97,2.48,231.4,604.9
2026-01-02,10:20,1015.0,14.25,58.02,3.46,239.4,641.99
2026-01-02,10:30,1017.11,14.47,59.35,1.76,271.7,651.48
2026-01-02,10:40,1016.25,14.67,56.36,2.5,222.2,635.09
2026-01-02,10:50,1015.7,17.21,60.54,4.99,249.5,675.97
2026-01-02,11:00,1016.38,15.1,64.87,2.13,202.1,665.49
2026-01-02,11:10,1017.11,15.68,53.92,3.56,220.3,677.3
2026-01-02,11:20,1016.62,15.73,49.85,2.3,256.8,690.14
2026-01-02,11:30,1015.19,15.68,48.09,3.01,222.3,699.73
2026-01-02,11:40,1016.76,15.16,55.11,3.06,233.3,701.52
2026-01-02,11:50,1015.34,16.06,52.7,3.34,259.1,697.73
2026-01-02,12:00,1016.14,15.13,55.84,2.36,232.1,694.06
2026-01-02,12:10,1015.57,15.63,55.23,3.84,267.0,703.6
2026-01-02,12:20,1015.61,15.57,47.99,1.98,251.6,695.4
2026-01-02,12:30,1016.55,16.08,46.88,2.51,256.9,715.32
2026-01-02,12:40,1014.69,17.74,55.09,2.46,276.8,696.21
2026-01-02,12:50,1017.63,14.89,54.24,1.45,253.6,672.29
2026-01-02,13:00,1013.82,16.76,51.81,1.99,283.8,670.54
2026-01-02,13:10,1014.99,15.21,46.73,2.25,267.9,668.45
2026-01-02,13:20,1015.91,16.06,55.11,1.79,231.8,673.8
2026-01-02,13:30,1016.08,17.2,58.22,3.75,277.0,664.21
2026-01-02,13:40,1015.35,16.51,54.17,1.41,251.0,630.36
2026-01-02,13:50,1015.35,15.73,49.62,2.77,234.3,610.53
2026-01-02,14:00,1015.78,15.99,53.18,2.5,250.9,594.43
2026-01-02,14:10,1015.09,16.96,47.55,1.85,271.5,594.46
2026-01-02,14:20,1016.68,15.96,57.29,1.21,254.8,602.21
2026-01-02,14:30,1016.08,16.6,53.46,1.23,288.7,563.07
2026-01-02,14:40,1016.08,16.44,46.16,1.37,270.1,518.43
2026-01-02,14:50,1014.2,15.9,52.15,0.44,255.7,508.78
2026-01-02,15:00,1015.05,17.8,55.36,0.95,216.7,488.94
2026-01-02,15:10,1014.8,16.67,52.36,0.58,237.6,464.55
2026-01-02,15:20,1014.06,14.73,52.8,2.52,243.6,446.82
2026-01-02,15:30,1015.4,16.18,49.24,1.98,258.9,432.11
2026-01-02,15:40,1014.47,15.49,56.67,2.07,257.2,411.23
2026-01-02,15:50,1015.63,16.43,52.1,1.9,245.2,390.75
2026-01-02,16:00,1013.88,15.16,46.38,1.58,243.6,357.8
2026-01-02,16:10,1016.65,15.5,53.86,2.46,258.3,301.24
2026-01-02,16:20,1014.01,15.79,59.64,0.98,218.5,284.55
2026-01-02,16:30,1015.11,15.89,54.55,1.47,282.1,267.32
2026-01-02,16:40,1015.66,14.28,63.46,1.9,188.2,242.43
2026-01-02,16:50,1014.28,14.71,58.66,0.43,275.4,221.98
2026-01-02,17:00,1015.69,14.44,58.75,3.51,237.6,182.72
2026-01-02,17:10,1013.6,14.12,57.35,1.35,263.4,153.01
2026-01-02,17:20,1016.27,15.62,58.09,1.42,247.1,125.15
2026-01-02,17:30,1014.82,14.47,57.81,2.19,246.3,88.89
2026-01-02,17:40,1014.21,13.09,58.19,1.95,251.2,62.45
2026-01-02,17:50,1014.5,14.4,62.06,1.33,257.2,44.25
2026-01-02,18:00,1015.61,15.02,56.76,1.39,228.4,0.0
2026-01-02,18:10,1014.22,14.03,56.77,0.25,262.1,0.0
2026-01-02,18:20,1014.05,12.01,57.17,0.92,208.8,0.0
2026-01-02,18:30,1014.59,12.5,70.44,1.67,235.4,15.57
2026-01-02,18:40,1013.64,13.48,64.99,1.63,256.1,0.0
2026-01-02,18:50,1016.65,11.85,64.71,2.18,259.7,21.31
2026-01-02,19:00,1014.27,12.41,59.89,1.26,245.9,0.0
2026-01-02,19:10,1015.68,12.39,67.25,0.38,224.2,0.0
2026-01-02,19:20,1015.08,10.94,64.93,2.11,256.0,8.94
2026-01-02,19:30,1013.9,11.29,66.9,2.4,216.5,12.36
2026-01-02,19:40,1014.9,8.81,62.79,2.04,276.6,0.0
2026-01-02,19:50,1015.71,10.1,67.99,1.32,230.3,0.0
2026-01-02,20:00,1014.76,10.38,66.3,2.19,193.5,3.33
2026-01-02,20:10,1016.17,9.42,65.59,3.89,201.7,28.13
2026-01-02,20:20,1016.03,11.18,72.24,1.6,232.3,14.96
2026-01-02,20:30,1015.95,8.78,63.81,0.63,234.3,0.0
2026-01-02,20:40,1014.61,9.21,72.86,1.17,279.6,0.0
2026-01-02,20:50,1014.02,9.36,73.98,2.05,204.0,0.98
2026-01-02,21:00,1014.52,10.02,68.36,0.53,230.5,4.35
2026-01-02,21:10,1015.36,7.76,69.23,1.81,202.6,0.0
2026-01-02,21:20,1015.75,9.33,72.24,1.99,216.3,0.0
2026-01-02,21:30,1013.07,8.28,74.87,2.84,270.3,1.91
2026-01-02,21:40,1015.28,7.35,73.73,2.73,199.3,0.0
2026-01-02,21:50,1015.48,8.13,76.66,2.46,242.0,22.47
2026-01-02,22:00,1015.09,7.71,82.55,0.39,236.7,18.2
2026-01-02,22:10,1016.7,6.93,74.03,2.59,225.8,7.89
2026-01-02,22:20,1015.88,7.19,69.74,2.49,238.9,1.08
2026-01-02,22:30,1016.81,6.66,80.44,2.22,196.5,0.0
2026-01-02,22:40,1015.33,6.8,84.38,0.88,266.4,0.0
2026-01-02,22:50,1016.53,6.99,79.7,1.6,272.6,19.67
2026-01-02,23:00,1017.27,7.45,74.26,1.37,225.2,10.42
2026-01-02,23:10,1017.0,5.3,78.56,0.83,284.2,2.44
2026-01-02,23:20,1014.64,7.49,75.02,2.29,213.1,11.09
2026-01-02,23:30,1015.53,4.46,82.47,1.78,232.6,6.55
2026-01-02,23:40,1015.48,5.57,74.88,4.23,257.9,4.76
2026-01-02,23:50,1016.37,5.94,79.45,2.33,210.2,11.77
2026-01-03,00:00,1016.61,5.6,76.97,3.41,186.6,6.2
2026-01-03,00:10,1015.13,4.84,81.81,1.45,180.4,10.3
2026-01-03,00:20,1016.09,5.01,80.13,2.23,271.7,1.94
2026-01-03,00:30,1014.05,4.71,82.57,2.72,206.4,0.0
2026-01-03,00:40,1017.56,4.55,82.18,2.07,214.5,0.0
2026-01-03,00:50,1015.65,5.47,78.36,2.46,190.8,0.0
2026-01-03,01:00,1016.26,5.06,85.0,2.66,241.8,0.0
2026-01-03,01:10,1015.94,4.26,82.45,2.7,198.1,0.0
2026-01-03,01:20,1017.44,5.33,78.82,4.21,204.8,0.0
2026-01-03,01:30,1013.5,4.87,91.84,3.22,224.1,0.0
2026-01-03,01:40,1016.37,5.2,84.85,3.34,189.5,18.75
2026-01-03,01:50,1016.32,5.06,82.37,3.43,211.1,0.0
2026-01-03,02:00,1016.01,4.03,88.66,3.53,250.1,2.9
2026-01-03,02:10,1018.23,4.23,90.35,3.09,225.2,3.28
2026-01-03,02:20,1015.66,5.16,82.36,2.96,217.2,19.05
2026-01-03,02:30,1017.35,5.1,84.26,3.35,218.8,0.0
2026-01-03,02:40,1016.97,4.7,78.82,4.08,203.1,0.0
2026-01-03,02:50,1017.91,4.84,82.06,4.1,262.2,0.0
2026-01-03,03:00,1016.01,5.72,81.69,3.18,191.5,13.64
2026-01-03,03:10,1015.98,4.49,83.05,3.92,216.5,16.13
2026-01-03,03:20,1017.83,5.37,83.43,3.28,213.6,5.7
2026-01-03,03:30,1017.19,4.94,84.1,3.48,235.4,14.79
2026-01-03,03:40,1015.24,5.04,82.55,3.15,237.2,2.13
2026-01-03,03:50,1016.27,6.08,76.46,3.38,208.2,0.0
2026-01-03,04:00,1017.22,6.01,77.24,4.48,215.7,14.14
2026-01-03,04:10,1017.69,6.14,78.47,3.63,216.1,5.85
2026-01-03,04:20,1016.19,6.63,79.16,3.68,150.5,0.0
2026-01-03,04:30,1013.97,5.89,84.1,2.6,167.1,11.97
2026-01-03,04:40,1017.42,6.52,74.84,3.41,191.1,0.0
2026-01-03,04:50,1015.68,6.0,77.63,3.48,191.6,0.0
2026-01-03,05:00,1014.89,6.62,82.42,3.08,175.1,10.72
2026-01-03,05:10,1014.08,6.5,76.93,3.69,223.3,0.0
2026-01-03,05:20,1017.73,6.85,79.48,3.38,204.0,4.67
2026-01-03,05:30,1017.05,7.41,76.57,3.75,198.0,7.94
2026-01-03,05:40,1016.69,6.63,77.63,3.78,171.4,0.0
2026-01-03,05:50,1018.3,8.89,75.15,3.03,201.1,4.62
2026-01-03,06:00,1017.54,6.94,78.17,3.42,136.0,16.19
2026-01-03,06:10,1018.51,7.03,68.75,3.75,197.0,19.77
2026-01-03,06:20,1015.49,8.92,72.89,4.52,202.0,67.84
2026-01-03,06:30,1016.83,8.91,74.93,3.87,205.9,83.58
2026-01-03,06:40,1015.23,9.04,75.27,3.22,160.2,136.71
2026-01-03,06:50,1016.6,9.29,78.48,3.95,204.3,167.3
2026-01-03,07:00,1016.56,9.09,70.32,4.85,172.1,181.33
2026-01-03,07:10,1017.41,8.73,77.16,4.29,177.2,242.17
2026-01-03,07:20,1016.81,9.67,67.97,4.01,214.9,258.62
2026-01-03,07:30,1017.36,9.4,75.27,4.12,246.7,283.05
2026-01-03,07:40,1017.41,10.82,72.58,4.6,197.0,311.09
2026-01-03,07:50,1018.83,10.3,65.0,4.32,174.7,343.24
2026-01-03,08:00,1016.32,10.09,69.23,3.94,199.3,347.02
2026-01-03,08:10,1015.66,10.7,67.14,4.26,217.4,388.16
2026-01-03,08:20,1016.81,11.48,69.2,2.73,208.9,416.56
2026-01-03,08:30,1015.72,11.06,65.15,2.4,261.3,432.52
2026-01-03,08:40,1017.96,11.13,64.17,3.53,174.3,467.44
2026-01-03,08:50,1016.15,12.14,70.23,3.43,197.9,500.31
2026-01-03,09:00,1015.82,12.4,63.72,2.97,229.7,503.23
2026-01-03,09:10,1015.87,12.12,66.8,3.89,227.5,529.43
2026-01-03,09:20,1017.01,12.4,61.97,1.97,141.0,541.04
2026-01-03,09:30,1016.08,13.13,68.93,2.86,189.1,549.2
2026-01-03,09:40,1015.55,12.2,58.95,2.85,225.6,598.67
2026-01-03,09:50,1017.8,12.46,58.62,2.0,260.2,606.57
2026-01-03,10:00,1015.22,13.18,66.6,4.15,204.9,623.87
2026-01-03,10:10,1016.06,13.75,58.16,2.1,177.5,626.69
2026-01-03,10:20,1016.62,14.34,65.8,2.6,160.9,650.33
2026-01-03,10:30,1014.27,15.37,62.44,3.59,241.0,678.51
2026-01-03,10:40,1016.33,15.14,57.74,3.36,203.1,676.89
2026-01-03,10:50,1014.73,14.63,50.61,2.09,163.1,687.47
2026-01-03,11:00,1016.55,14.92,57.32,3.29,178.6,698.55
2026-01-03,11:10,1014.7,14.41,57.35,2.96,190.8,688.84
2026-01-03,11:20,1016.29,15.27,61.18,4.34,196.0,717.46
2026-01-03,11:30,1016.64,15.25,62.45,2.94,159.3,699.83
2026-01-03,11:40,1016.33,15.83,52.97,2.51,165.9,707.19
2026-01-03,11:50,1015.66,15.17,58.55,1.95,139.3,708.08
2026-01-03,12:00,1015.11,16.25,58.07,1.98,206.0,719.4
2026-01-03,12:10,1014.71,17.09,58.99,1.87,170.8,716.73
2026-01-03,12:20,1016.69,16.06,56.4,3.36,190.4,719.03
2026-01-03,12:30,1014.45,16.52,46.37,2.36,213.7,704.9
2026-01-03,12:40,1014.05,16.82,53.28,2.69,183.1,723.18
2026-01-03,12:50,1015.69,16.14,49.07,3.3,174.1,715.12
2026-01-03,13:00,1014.17,16.65,52.7,0.54,181.2,695.68
2026-01-03,13:10,1013.95,16.57,57.28,3.03,177.3,683.35
2026-01-03,13:20,1013.4,16.68,54.45,2.13,206.3,672.14
2026-01-03,13:30,1014.29,16.11,57.72,2.35,182.3,664.08
2026-01-03,13:40,1014.63,16.7,54.42,1.41,160.3,638.43
2026-01-03,13:50,1014.9,17.05,47.82,1.42,199.5,629.89
2026-01-03,14:00,1015.55,17.72,42.92,2.24,203.4,636.68
2026-01-03,14:10,1015.07,17.37,53.61,3.52,138.6,613.74
2026-01-03,14:20,1014.29,18.19,52.2,2.51,209.8,612.31
2026-01-03,14:30,1014.23,16.12,49.22,2.66,180.0,570.56
2026-01-03,14:40,1014.89,17.23,46.43,1.59,177.3,550.16
2026-01-03,14:50,1015.6,16.7,50.42,1.27,194.8,528.88
2026-01-03,15:00,1014.4,18.04,52.73,1.1,154.9,508.21
2026-01-03,15:10,1013.75,15.87,56.36,1.27,192.3,481.4
2026-01-03,15:20,1013.18,15.77,54.66,0.14,158.4,468.9
2026-01-03,15:30,1012.68,15.84,60.57,1.04,130.4,441.44
2026-01-03,15:40,1014.75,14.67,50.26,1.12,141.7,409.56
2026-01-03,15:50,1014.62,15.67,58.22,1.37,180.2,404.48
2026-01-03,16:00,1014.58,15.38,55.2,1.55,141.8,385.26
2026-01-03,16:10,1013.83,15.89,58.13,1.69,205.1,348.83
2026-01-03,16:20,1015.33,15.88,53.97,1.4,194.0,313.22
2026-01-03,16:30,1013.41,16.8,60.39,0.98,197.0,286.75
2026-01-03,16:40,1014.81,15.98,57.69,0.0,166.2,270.44
2026-01-03,16:50,1013.79,14.74,54.22,0.95,168.9,227.35
2026-01-03,17:00,1013.19,14.34,57.35,0.66,132.0,180.85
2026-01-03,17:10,1014.36,15.12,56.91,1.65,186.2,161.84
2026-01-03,17:20,1014.16,13.66,60.31,1.95,170.2,133.61
2026-01-03,17:30,1014.08,15.66,54.15,1.97,174.3,82.86
2026-01-03,17:40,1013.79,15.0,59.28,1.83,201.7,59.89
2026-01-03,17:50,1013.65,13.63,61.52,1.21,143.8,44.9
2026-01-03,18:00,1016.06,12.53,60.63,0.93,155.2,0.0
2026-01-03,18:10,1014.84,14.45,66.46,0.78,166.0,0.0
2026-01-03,18:20,1014.37,13.19,64.76,0.25,133.8,0.0
2026-01-03,18:30,1013.75,13.9,62.23,2.0,151.9,4.24
2026-01-03,18:40,1014.64,11.67,63.74,1.2,168.4,0.0
2026-01-03,18:50,1014.14,12.12,64.67,0.46,147.3,0.0
2026-01-03,19:00,1013.65,12.29,65.73,0.76,187.6,13.85
2026-01-03,19:10,1013.32,12.07,57.45,0.75,116.6,0.82
2026-01-03,19:20,1013.54,11.47,64.19,1.4,181.8,11.27
2026-01-03,19:30,1010.46,11.96,60.1,2.14,169.7,0.0
2026-01-03,19:40,1013.84,10.52,71.81,1.17,138.4,0.0
2026-01-03,19:50,1013.15,10.9,67.1,0.14,129.0,10.19
2026-01-03,20:00,1015.24,10.83,67.23,1.33,99.5,4.43
2026-01-03,20:10,1013.68,10.84,72.24,1.38,131.1,0.0
2026-01-03,20:20,1012.49,10.72,71.0,1.36,176.6,0.0
2026-01-03,20:30,1013.64,9.17,65.44,1.11,148.5,18.77
2026-01-03,20:40,1012.66,8.63,70.32,1.73,178.4,0.0
2026-01-03,20:50,1014.2,10.34,69.91,1.66,133.3,11.21
2026-01-03,21:00,1014.04,9.43,64.9,1.63,165.9,0.0
2026-01-03,21:10,1014.73,8.42,69.75,1.98,129.7,0.0
2026-01-03,21:20,1013.0,9.78,72.4,1.43,123.0,3.54
2026-01-03,21:30,1013.85,8.53,73.28,1.43,143.9,0.0
2026-01-03,21:40,1012.48,9.04,68.41,2.78,129.4,0.0
2026-01-03,21:50,1014.57,8.03,79.53,2.25,107.0,1.04
2026-01-03,22:00,1014.42,9.19,75.09,2.48,140.4,0.0
2026-01-03,22:10,1014.43,8.76,76.21,2.8,147.1,11.96
2026-01-03,22:20,1013.96,7.14,78.21,2.36,175.7,0.0
2026-01-03,22:30,1014.41,7.78,73.98,2.69,166.8,6.78
2026-01-03,22:40,1015.63,7.35,79.47,0.98,173.4,0.0
2026-01-03,22:50,1013.77,7.66,76.67,2.28,160.4,0.0
2026-01-03,23:00,1014.23,5.84,75.02,2.06,150.2,0.0
2026-01-03,23:10,1013.04,6.81,81.35,3.41,110.6,22.83
2026-01-03,23:20,1013.29,6.9,85.46,2.94,144.6,0.0
2026-01-03,23:30,1014.29,4.77,82.8,1.9,155.3,0.0
2026-01-03,23:40,1015.33,5.02,83.98,2.66,176.3,0.0
2026-01-03,23:50,1014.01,4.27,78.57,2.57,156.5,19.19
2026-01-04,00:00,1014.07,5.38,74.6,2.82,169.9,4.82
2026-01-04,00:10,1013.93,5.94,87.27,1.84,112.6,1.64
2026-01-04,00:20,1013.84,6.38,89.81,2.86,129.7,17.69
2026-01-04,00:30,1014.7,5.27,88.03,2.5,148.1,1.77
2026-01-04,00:40,1012.94,6.27,80.75,2.91,165.9,2.63
2026-01-04,00:50,1015.76,4.08,77.69,2.25,132.8,1.58
2026-01-04,01:00,1013.84,3.78,78.23,2.4,133.9,6.76
2026-01-04,01:10,1015.27,4.87,75.91,3.68,152.7,0.0
2026-01-04,01:20,1013.31,5.13,82.34,2.17,106.9,0.0
2026-01-04,01:30,1015.28,4.8,89.29,2.27,174.7,9.72
2026-01-04,01:40,1015.31,3.34,82.38,2.97,112.1,3.33
2026-01-04,01:50,1015.05,4.71,84.2,2.51,85.7,0.0
2026-01-04,02:00,1013.7,3.86,88.5,2.48,133.4,0.0
2026-01-04,02:10,1014.97,5.24,81.37,3.22,175.2,17.98
2026-01-04,02:20,1013.57,5.05,91.09,2.13,146.9,0.0
2026-01-04,02:30,1014.52,4.16,90.84,2.52,150.6,11.85
2026-01-04,02:40,1015.83,4.5,82.25,4.71,132.4,2.11
2026-01-04,02:50,1015.62,4.17,80.33,3.63,127.1,0.0
2026-01-04,03:00,1014.85,4.93,85.28,2.83,91.9,15.03
2026-01-04,03:10,1013.88,5.72,80.92,3.68,73.6,3.05
2026-01-04,03:20,1015.52,4.45,77.47,3.82,134.6,16.02
2026-01-04,03:30,1014.91,5.58,86.98,4.15,162.0,0.0
2026-01-04,03:40,1012.58,4.97,86.46,3.39,137.4,8.45
2026-01-04,03:50,1015.7,4.9,81.93,4.2,144.0,0.0
2026-01-04,04:00,1014.9,5.51,75.94,2.11,167.6,0.0
2026-01-04,04:10,1016.13,4.99,75.73,2.82,135.8,0.0
2026-01-04,04:20,1013.84,5.47,80.72,3.7,124.1,0.0
2026-01-04,04:30,1011.76,5.18,77.9,3.84,106.3,5.66
2026-01-04,04:40,1015.22,7.56,78.13,2.99,176.9,0.0
2026-01-04,04:50,1015.23,6.38,83.15,3.83,139.1,10.37
2026-01-04,05:00,1013.24,6.05,81.54,3.22,102.0,0.0
2026-01-04,05:10,1013.95,6.88,83.65,3.48,95.9,10.62
2026-01-04,05:20,1017.68,6.85,73.68,4.4,156.2,15.72
2026-01-04,05:30,1014.61,6.97,75.76,4.33,98.5,12.16
2026-01-04,05:40,1015.63,7.77,79.64,3.0,170.4,0.0
2026-01-04,05:50,1014.23,8.09,77.85,2.96,54.8,0.0
2026-01-04,06:00,1012.78,7.41,81.63,3.41,158.9,6.99
2026-01-04,06:10,1014.68,7.61,76.61,3.68,135.2,30.63
2026-01-04,06:20,1014.56,8.06,81.73,3.23,125.6,52.48
2026-01-04,06:30,1014.4,6.88,75.9,4.42,117.9,89.53
2026-01-04,06:40,1014.66,7.67,77.38,3.92,169.2,145.22
2026-01-04,06:50,1015.01,9.94,71.22,3.96,139.3,145.93
2026-01-04,07:00,1014.57,10.38,71.94,2.77,98.7,196.48
2026-01-04,07:10,1013.42,9.31,74.89,4.46,78.0,224.4
2026-01-04,07:20,1015.13,10.15,77.06,1.65,125.1,248.01
2026-01-04,07:30,1012.66,10.22,72.87,4.19,120.3,290.08
2026-01-04,07:40,1012.52,12.42,68.97,4.24,82.0,331.46
2026-01-04,07:50,1015.27,11.31,74.16,3.26,118.3,337.25
2026-01-04,08:00,1014.99,10.7,59.23,4.43,105.0,366.18
2026-01-04,08:10,1014.38,10.38,61.66,3.47,119.3,404.17
2026-01-04,08:20,1013.0,10.19,69.42,3.53,136.9,434.59
2026-01-04,08:30,1013.64,11.71,66.1,3.69,155.8,448.1
2026-01-04,08:40,1014.03,11.3,67.82,5.65,140.9,471.18
2026-01-04,08:50,1012.64,11.09,65.01,4.33,99.9,472.55
2026-01-04,09:00,1013.45,11.89,66.4,3.84,126.9,513.21
2026-01-04,09:10,1014.78,11.84,60.23,2.67,118.9,531.26
2026-01-04,09:20,1015.5,14.02,65.15,3.37,83.8,574.51
2026-01-04,09:30,1013.59,13.7,66.24,2.66,126.8,583.66
2026-01-04,09:40,1014.71,13.32,66.54,3.76,163.0,602.37
2026-01-04,09:50,1011.97,14.6,69.13,3.24,117.1,623.69
2026-01-04,10:00,1014.48,13.85,61.48,2.31,76.2,630.21
2026-01-04,10:10,1012.96,13.41,61.04,3.11,116.6,674.93
2026-01-04,10:20,1014.0,15.3,53.3,2.41,85.2,686.26
2026-01-04,10:30,1013.38,14.82,56.74,3.07,136.9,703.22
2026-01-04,10:40,1014.88,13.92,57.59,2.31,128.2,703.83
2026-01-04,10:50,1012.62,14.71,62.07,2.88,110.6,705.78
2026-01-04,11:00,1014.05,14.42,54.95,3.34,106.4,734.67
2026-01-04,11:10,1013.07,14.25,60.13,2.72,109.1,714.93
2026-01-04,11:20,1013.12,,56.5,2.43,114.4,719.07
2026-01-04,11:30,1013.03,16.89,55.39,2.8,94.7,727.35
2026-01-04,11:40,1012.3,14.73,56.71,3.09,79.1,744.49
2026-01-04,11:50,1013.06,16.25,53.78,1.78,142.1,731.31
2026-01-04,12:00,1012.94,15.54,53.29,2.68,103.8,739.42
2026-01-04,12:10,1013.17,15.78,47.88,3.37,117.4,721.49
2026-01-04,12:20,1012.94,15.82,53.41,2.8,120.2,744.49
2026-01-04,12:30,1013.59,15.73,52.22,2.38,120.9,717.12
2026-01-04,12:40,1013.64,16.47,51.84,2.74,83.4,719.34
2026-01-04,12:50,1011.6,15.94,55.36,2.56,70.6,738.94
2026-01-04,13:00,1013.45,16.78,56.15,2.72,97.7,730.92
2026-01-04,13:10,1011.32,16.62,54.28,0.72,122.1,712.31
2026-01-04,13:20,1013.03,16.54,57.21,1.0,93.9,700.84
2026-01-04,13:30,1012.99,16.11,55.43,2.74,103.1,679.53
2026-01-04,13:40,1010.39,16.37,51.88,0.94,165.0,663.7
2026-01-04,13:50,1012.33,17.32,51.16,2.23,65.5,654.41
2026-01-04,14:00,1011.71,17.15,54.25,1.65,92.7,625.11
2026-01-04,14:10,1011.35,16.11,55.31,1.16,158.8,629.6
2026-01-04,14:20,1013.4,16.85,58.65,2.06,110.2,609.25
2026-01-04,14:30,1011.34,17.27,57.89,1.91,93.5,578.39
2026-01-04,14:40,1011.12,15.54,51.06,3.21,140.3,588.22
2026-01-04,14:50,1011.95,17.04,52.95,1.25,112.3,555.39
2026-01-04,15:00,1012.5,16.13,56.2,2.66,102.2,534.06
2026-01-04,15:10,1011.62,16.92,57.97,1.86,115.6,496.56
2026-01-04,15:20,1012.87,15.9,57.66,1.12,94.2,478.08
2026-01-04,15:30,1012.19,15.08,53.89,2.11,85.2,460.39
2026-01-04,15:40,1009.43,15.1,49.39,1.91,107.7,428.59
2026-01-04,15:50,1011.03,16.16,50.7,1.51,85.2,419.06
2026-01-04,16:00,1010.95,16.18,56.1,1.65,110.7,369.69
2026-01-04,16:10,1011.95,15.23,56.72,1.02,119.2,337.67
2026-01-04,16:20,1008.8,16.16,51.32,0.83,131.6,322.26
2026-01-04,16:30,1013.94,14.4,56.28,1.92,138.4,269.79
2026-01-04,16:40,1011.88,15.35,59.03,1.22,100.0,265.82
2026-01-04,16:50,1011.47,14.38,52.34,1.3,122.6,208.38
2026-01-04,17:00,1012.46,14.59,61.81,1.54,122.4,200.48
2026-01-04,17:10,1013.6,14.89,56.36,1.51,118.3,153.5
2026-01-04,17:20,1012.09,14.05,63.39,0.32,98.1,135.13
2026-01-04,17:30,1012.15,14.18,56.73,2.21,84.3,108.18
2026-01-04,17:40,1011.3,14.95,55.29,1.39,122.6,66.81
2026-01-04,17:50,1011.01,13.62,58.11,1.16,67.3,18.13
2026-01-04,18:00,1010.66,14.38,60.12,1.6,103.3,0.0
2026-01-04,18:10,1010.29,12.78,59.52,1.47,46.2,0.0
2026-01-04,18:20,1010.41,13.71,60.8,1.84,76.6,0.0
2026-01-04,18:30,1009.74,14.11,63.6,1.69,88.1,13.53
2026-01-04,18:40,1011.0,11.12,62.18,1.82,137.5,1.32
2026-01-04,18:50,1009.39,12.05,63.22,2.27,127.3,0.0
2026-01-04,19:00,1011.26,12.76,57.28,1.96,96.2,17.47
2026-01-04,19:10,1011.02,11.96,66.32,1.24,128.4,0.0
2026-01-04,19:20,1011.21,12.1,65.04,0.59,132.4,3.01
2026-01-04,19:30,1010.54,11.16,72.48,2.56,106.2,0.0
2026-01-04,19:40,1014.14,11.38,62.93,1.25,75.7,0.0
2026-01-04,19:50,1012.43,10.95,60.11,1.1,105.1,0.0
2026-01-04,20:00,1009.83,11.62,70.47,0.25,107.9,0.0
2026-01-04,20:10,1011.32,10.72,70.04,1.72,79.6,10.78
2026-01-04,20:20,1010.49,10.51,65.27,1.62,119.7,4.16
2026-01-04,20:30,1010.1,9.73,63.84,0.49,117.6,1.68
2026-01-04,20:40,1009.79,9.42,76.75,1.9,121.8,0.0
2026-01-04,20:50,1011.57,9.2,76.9,1.27,117.7,15.24
2026-01-04,21:00,1010.48,9.52,61.93,3.53,129.1,2.68
2026-01-04,21:10,1012.15,8.7,70.68,1.29,106.5,0.0
2026-01-04,21:20,1012.2,8.95,79.79,1.42,116.1,13.59
2026-01-04,21:30,1012.6,9.96,71.84,1.16,101.2,14.97
2026-01-04,21:40,1010.4,8.87,72.38,2.71,96.7,13.86
2026-01-04,21:50,1011.75,7.8,73.8,1.59,144.9,0.0
2026-01-04,22:00,1011.94,8.64,71.02,1.39,60.4,0.0
2026-01-04,22:10,1010.86,7.29,69.24,2.44,133.6,11.87
2026-01-04,22:20,1010.59,5.93,80.81,1.03,96.3,0.0
2026-01-04,22:30,1013.0,6.44,69.76,2.48,93.2,23.37
2026-01-04,22:40,1011.65,5.63,78.63,3.34,118.6,0.34
2026-01-04,22:50,1012.09,6.5,81.68,2.54,75.0,0.0
2026-01-04,23:00,1010.67,6.57,72.8,2.64,92.0,0.0
2026-01-04,23:10,1010.3,7.55,75.36,2.85,91.3,0.0
2026-01-04,23:20,1010.99,6.43,84.34,3.49,107.2,1.68
2026-01-04,23:30,1011.47,5.88,82.03,3.19,92.8,0.0
2026-01-04,23:40,1010.56,6.46,77.82,2.7,153.1,0.0
2026-01-04,23:50,1011.65,4.19,85.46,3.08,158.2,0.0
2026-01-05,00:00,1010.01,5.76,85.82,1.88,62.9,0.0
2026-01-05,00:10,1010.61,6.01,82.38,3.1,127.2,7.07
2026-01-05,00:20,1012.44,4.32,77.99,1.9,135.3,0.0
2026-01-05,00:30,1012.41,6.05,80.2,2.4,127.6,0.0
2026-01-05,00:40,1011.45,5.39,83.24,0.55,97.8,0.0
2026-01-05,00:50,1010.86,4.78,81.55,3.04,108.3,0.0
2026-01-05,01:00,1010.88,5.44,86.24,2.36,95.9,0.0
2026-01-05,01:10,1011.57,6.53,76.53,3.64,104.4,3.81
2026-01-05,01:20,1012.62,5.01,76.8,3.18,84.8,2.0
2026-01-05,01:30,1012.94,5.02,83.6,3.75,112.5,9.5
2026-01-05,01:40,1011.54,4.49,80.98,2.25,78.0,0.0
2026-01-05,01:50,1010.92,4.2,80.48,3.78,110.8,0.0
2026-01-05,02:00,1012.37,5.37,75.93,4.57,84.8,11.89
2026-01-05,02:10,1011.31,4.2,83.06,3.68,121.5,0.0
2026-01-05,02:20,1011.64,4.86,82.73,3.74,99.6,0.0
2026-01-05,02:30,1013.51,4.51,85.49,3.35,124.1,0.0
2026-01-05,02:40,1013.03,5.22,83.05,2.9,144.1,3.63
2026-01-05,02:50,1012.39,5.17,82.11,3.84,157.1,0.0
2026-01-05,03:00,1010.98,5.72,87.2,2.29,54.4,0.0
2026-01-05,03:10,1012.48,4.71,77.06,3.09,97.1,0.0
2026-01-05,03:20,1013.35,4.96,84.24,2.18,110.6,17.0
2026-01-05,03:30,1011.93,4.56,75.17,2.96,130.0,0.0
2026-01-05,03:40,1013.68,5.04,78.24,3.93,77.5,0.0
2026-01-05,03:50,1013.63,5.73,76.45,3.87,94.5,0.0
2026-01-05,04:00,1014.01,6.12,84.12,3.57,122.6,0.0
2026-01-05,04:10,1012.66,5.08,80.39,3.68,121.8,2.85
2026-01-05,04:20,1012.95,6.48,80.23,2.27,129.4,5.81
2026-01-05,04:30,1013.79,6.98,75.47,3.35,131.4,1.49
2026-01-05,04:40,1012.82,6.48,78.29,3.15,129.1,0.0
2026-01-05,04:50,1011.88,7.68,76.01,3.18,125.8,0.0
2026-01-05,05:00,1011.93,6.0,80.14,4.08,122.7,8.81
2026-01-05,05:10,1012.61,5.86,74.17,3.07,138.2,0.0
2026-01-05,05:20,1011.08,5.68,82.96,3.26,66.0,0.0
2026-01-05,05:30,1012.22,8.18,70.43,2.23,160.9,7.17
2026-01-05,05:40,1013.45,7.8,73.38,3.49,67.5,10.5
2026-01-05,05:50,1010.15,7.52,82.77,2.94,96.0,0.0
2026-01-05,06:00,1013.86,7.98,73.76,3.76,117.7,0.0
2026-01-05,06:10,1013.44,7.22,69.67,3.03,140.5,17.03
2026-01-05,06:20,1011.84,9.96,75.22,3.77,49.2,72.04
2026-01-05,06:30,1012.82,8.58,71.84,3.59,123.8,114.27
2026-01-05,06:40,1012.26,8.8,69.79,4.85,144.6,161.77
2026-01-05,06:50,1013.46,9.48,68.13,4.02,150.1,167.93
2026-01-05,07:00,1013.18,9.56,82.96,2.37,108.2,194.69
2026-01-05,07:10,1010.77,9.64,70.24,2.76,118.5,215.9
2026-01-05,07:20,1012.73,9.18,62.9,3.67,111.0,235.6
2026-01-05,07:30,1011.9,10.32,75.93,2.96,117.0,291.0
2026-01-05,07:40,1012.16,11.57,71.75,1.51,101.4,347.28
2026-01-05,07:50,1011.31,11.46,65.59,4.51,105.3,363.91
2026-01-05,08:00,1013.75,11.89,64.27,4.04,138.8,391.0
2026-01-05,08:10,1013.0,10.68,70.04,3.88,131.7,408.77
2026-01-05,08:20,1011.18,10.61,65.7,3.06,141.1,437.6
2026-01-05,08:30,1010.54,11.47,58.34,3.75,134.6,430.84
2026-01-05,08:40,1011.44,11.85,72.54,2.93,147.3,494.85
2026-01-05,08:50,1012.21,12.84,63.02,3.53,152.0,503.6
2026-01-05,09:00,1011.97,11.14,70.1,2.7,87.0,526.03
2026-01-05,09:10,1012.93,13.65,68.6,4.37,109.6,553.45
2026-01-05,09:20,1012.41,12.71,58.87,2.17,125.6,574.87
2026-01-05,09:30,1012.54,12.77,66.39,4.09,131.2,591.27
2026-01-05,09:40,1011.84,12.6,59.05,3.22,115.5,619.64
2026-01-05,09:50,1010.07,12.38,53.61,2.8,155.5,631.19
2026-01-05,10:00,1011.21,14.35,58.8,3.22,182.7,656.3
2026-01-05,10:10,1012.4,14.04,61.53,3.57,138.3,653.22
2026-01-05,10:20,1011.23,13.31,57.55,3.96,136.2,683.18
2026-01-05,10:30,1011.73,13.51,57.64,3.18,155.8,685.99
2026-01-05,10:40,1010.84,14.39,62.93,2.29,88.4,703.51
2026-01-05,10:50,1010.07,15.99,58.29,2.9,136.2,723.64
2026-01-05,11:00,1010.91,14.83,54.02,4.08,160.4,712.01
2026-01-05,11:10,1011.28,14.14,59.75,3.7,120.3,729.34
2026-01-05,11:20,1010.25,15.19,57.3,3.34,106.2,752.58
2026-01-05,11:30,1010.61,15.33,46.01,3.21,132.7,733.92
2026-01-05,11:40,1009.84,13.79,57.43,3.09,136.4,775.91
2026-01-05,11:50,1011.84,15.78,56.92,3.36,115.6,771.29
2026-01-05,12:00,1010.36,15.8,55.09,2.18,191.3,751.72
2026-01-05,12:10,1012.04,16.57,58.26,1.5,127.4,747.59
2026-01-05,12:20,1012.06,17.49,51.72,2.44,111.0,757.39
2026-01-05,12:30,1010.38,17.09,55.49,1.77,138.0,734.1
2026-01-05,12:40,1009.39,16.21,47.64,1.55,163.6,722.51
2026-01-05,12:50,1008.25,15.7,55.32,1.74,141.8,734.67
2026-01-05,13:00,1008.8,18.35,61.32,3.93,154.0,730.81
2026-01-05,13:10,1008.84,16.65,49.38,2.23,120.6,724.38
2026-01-05,13:20,1011.53,16.67,50.19,2.34,180.1,705.33
2026-01-05,13:30,1010.21,16.69,50.29,1.19,157.5,716.09
2026-01-05,13:40,1010.43,16.87,53.58,0.7,170.1,669.62
2026-01-05,13:50,1007.76,16.65,48.76,1.37,153.6,659.35
2026-01-05,14:00,1008.72,16.35,54.68,2.91,165.6,663.02
2026-01-05,14:10,1010.75,16.36,56.4,2.09,123.7,626.14
2026-01-05,14:20,1010.1,16.7,55.19,2.23,133.8,607.36
2026-01-05,14:30,1009.61,16.32,46.05,2.29,180.3,603.74
2026-01-05,14:40,1010.27,16.16,57.21,1.31,186.1,568.96
2026-01-05,14:50,1011.29,16.68,57.11,2.66,119.0,558.24
2026-01-05,15:00,1009.39,16.36,56.83,1.21,154.5,528.59
2026-01-05,15:10,1009.63,17.52,55.19,2.6,138.0,502.78
2026-01-05,15:20,1009.71,14.53,54.79,1.89,131.9,463.04
2026-01-05,15:30,1011.87,17.05,58.27,0.3,157.0,464.16
2026-01-05,15:40,1007.34,17.05,62.1,0.99,178.9,420.84
2026-01-05,15:50,1010.08,14.61,50.88,0.24,162.3,406.28
2026-01-05,16:00,1009.25,15.7,59.32,2.28,143.5,373.85
2026-01-05,16:10,1009.89,15.54,55.0,1.42,165.0,348.49
2026-01-05,16:20,1008.64,14.67,55.19,0.15,143.6,319.47
2026-01-05,16:30,1009.22,14.95,49.95,1.65,163.5,293.27
2026-01-05,16:40,1009.95,14.56,55.37,1.0,188.7,251.33
2026-01-05,16:50,1012.32,16.39,52.95,0.32,102.4,243.59
2026-01-05,17:00,1010.0,15.63,55.54,2.52,174.8,174.68
2026-01-05,17:10,1008.32,15.68,53.47,1.4,117.0,161.92
2026-01-05,17:20,1008.72,15.1,56.56,1.11,186.8,142.14
2026-01-05,17:30,1008.68,13.6,57.24,1.03,140.7,105.03
2026-01-05,17:40,1007.32,13.81,59.78,0.25,126.8,54.62
2026-01-05,17:50,1008.78,14.3,53.48,0.39,175.2,23.5
2026-01-05,18:00,1009.83,12.88,54.72,2.2,167.5,0.0
2026-01-05,18:10,1007.82,14.0,62.52,0.97,134.0,7.19
2026-01-05,18:20,1010.13,13.1,58.47,1.32,128.2,0.0
2026-01-05,18:30,1009.57,12.76,66.56,0.12,155.4,3.06
2026-01-05,18:40,1008.35,13.28,63.77,0.4,130.6,3.17
2026-01-05,18:50,1008.94,12.84,65.92,1.76,134.8,28.42
2026-01-05,19:00,1010.69,12.03,69.76,1.61,164.8,3.76
2026-01-05,19:10,1009.83,12.83,63.51,2.58,138.3,0.0
2026-01-05,19:20,1009.12,11.01,63.1,2.31,173.7,0.0
2026-01-05,19:30,1008.88,11.94,69.53,1.23,200.9,0.0
2026-01-05,19:40,1009.21,11.66,68.73,1.74,160.5,0.0
2026-01-05,19:50,1008.64,10.77,66.6,1.21,168.1,0.0
2026-01-05,20:00,1007.06,10.95,73.57,2.9,215.9,0.0
2026-01-05,20:10,1011.23,9.58,67.81,2.29,136.4,3.57
2026-01-05,20:20,1009.37,10.84,69.44,1.64,196.4,0.0
2026-01-05,20:30,1009.63,9.8,70.04,1.69,194.0,11.62
2026-01-05,20:40,1009.2,9.31,66.87,2.59,189.2,0.0
2026-01-05,20:50,1008.55,10.15,71.56,2.02,200.7,8.12
2026-01-05,21:00,1009.13,8.67,77.47,2.74,176.1,10.97
2026-01-05,21:10,1007.75,7.92,74.29,0.15,155.1,11.48
2026-01-05,21:20,1011.66,7.57,73.25,2.05,197.6,0.0
2026-01-05,21:30,1008.19,8.84,73.09,1.41,199.2,3.77
2026-01-05,21:40,1008.42,7.28,75.66,3.04,199.1,0.0
2026-01-05,21:50,1009.05,9.17,77.93,2.94,173.2,0.0
2026-01-05,22:00,1010.82,6.25,77.94,1.92,154.8,0.0
2026-01-05,22:10,1009.59,8.67,74.73,3.02,178.1,0.0
2026-01-05,22:20,1008.38,7.41,77.9,3.24,197.5,11.05
2026-01-05,22:30,1010.91,6.98,79.05,2.09,200.1,6.16
2026-01-05,22:40,1010.43,6.46,73.61,3.82,164.4,0.0
2026-01-05,22:50,1010.28,6.93,78.81,2.12,183.6,0.0
2026-01-05,23:00,1010.51,6.43,69.96,2.04,143.6,0.0
2026-01-05,23:10,1012.23,7.05,80.99,2.85,201.6,0.0
2026-01-05,23:20,1012.07,6.18,82.13,2.04,158.0,12.08
2026-01-05,23:30,1009.24,6.04,82.89,2.4,197.8,8.29
2026-01-05,23:40,1011.6,5.53,78.71,3.38,150.0,0.62
2026-01-05,23:50,1010.41,5.59,81.89,2.46,205.2,0.0
2026-01-06,00:00,1010.57,5.71,86.69,1.31,188.0,0.0
2026-01-06,00:10,1008.43,4.17,86.96,2.81,161.1,15.5
2026-01-06,00:20,1010.0,4.31,81.48,2.12,198.5,0.0
2026-01-06,00:30,1009.41,5.67,82.42,3.26,167.1,18.66
2026-01-06,00:40,1011.1,5.17,86.54,3.2,201.2,2.35
2026-01-06,00:50,1011.39,4.84,76.3,3.79,176.2,24.3
2026-01-06,01:00,1008.29,4.9,81.2,3.45,140.6,7.28
2026-01-06,01:10,1010.39,5.07,87.99,3.62,159.7,0.0
2026-01-06,01:20,1011.58,4.4,86.67,2.44,174.1,0.0
2026-01-06,01:30,1010.31,4.19,84.35,3.52,219.7,0.0
2026-01-06,01:40,1011.28,4.84,76.92,4.39,208.6,0.0
2026-01-06,01:50,1010.94,4.0,82.79,2.57,227.3,0.0
2026-01-06,02:00,1010.98,4.96,80.64,4.36,228.7,0.0
2026-01-06,02:10,1010.4,3.49,84.31,2.76,174.6,0.07
2026-01-06,02:20,1009.5,5.42,79.71,2.59,183.8,2.85
2026-01-06,02:30,1009.63,5.06,78.77,3.44,178.9,0.0
2026-01-06,02:40,1011.5,4.94,74.51,3.77,173.0,23.28
2026-01-06,02:50,1010.85,5.5,87.53,3.95,144.3,0.76
2026-01-06,03:00,1010.73,6.04,80.89,2.68,190.6,0.0
2026-01-06,03:10,1010.48,5.66,82.93,3.69,159.4,0.0
2026-01-06,03:20,1010.63,3.74,82.09,2.94,191.3,0.72
2026-01-06,03:30,1012.01,4.23,77.59,2.41,245.7,0.0
2026-01-06,03:40,1010.66,4.79,76.56,2.83,180.6,9.4
2026-01-06,03:50,1009.68,5.36,77.28,2.99,198.8,0.0
2026-01-06,04:00,1011.79,5.83,78.1,3.9,217.2,0.0
2026-01-06,04:10,1010.87,5.09,82.12,4.37,202.2,20.05
2026-01-06,04:20,1011.12,5.88,77.1,2.56,203.1,5.23
2026-01-06,04:30,1012.72,5.37,86.89,3.86,187.3,0.0
2026-01-06,04:40,1011.11,5.63,83.6,2.8,191.1,1.98
2026-01-06,04:50,1011.44,5.25,82.29,4.08,173.5,5.69
2026-01-06,05:00,1009.98,5.77,78.13,3.22,219.3,0.0
2026-01-06,05:10,1010.95,5.65,84.19,2.94,155.2,1.89
2026-01-06,05:20,1011.79,6.11,76.77,4.24,223.6,0.0
2026-01-06,05:30,1009.63,7.74,77.01,3.28,164.8,6.09
2026-01-06,05:40,1011.4,6.54,77.28,3.47,224.5,0.0
2026-01-06,05:50,1011.3,9.27,78.87,2.14,192.2,0.0
2026-01-06,06:00,1011.24,7.99,78.05,4.36,170.8,19.95
2026-01-06,06:10,1012.24,8.0,73.03,4.27,216.7,48.24
2026-01-06,06:20,1011.53,7.51,72.21,3.7,226.0,27.34
2026-01-06,06:30,1012.67,8.84,76.3,2.62,192.4,114.06
2026-01-06,06:40,1010.19,8.19,75.99,4.53,222.0,132.4
2026-01-06,06:50,1011.31,8.92,70.94,3.21,147.4,157.65
2026-01-06,07:00,1011.25,10.88,65.53,3.34,172.1,186.61
2026-01-06,07:10,1010.08,9.27,70.42,5.26,238.0,219.49
2026-01-06,07:20,1012.09,10.4,73.1,3.14,200.6,254.46
2026-01-06,07:30,1013.44,9.36,77.18,4.13,160.2,280.35
2026-01-06,07:40,1011.08,10.09,64.52,3.98,189.9,308.32
2026-01-06,07:50,1011.58,11.61,66.95,3.84,184.8,342.18
2026-01-06,08:00,1011.13,10.19,66.44,3.74,204.3,387.96
2026-01-06,08:10,1010.31,12.16,72.77,3.78,199.8,413.37
2026-01-06,08:20,1009.17,11.65,66.55,3.67,214.1,447.35
2026-01-06,08:30,1010.26,11.02,62.41,3.42,208.4,466.96
2026-01-06,08:40,1009.54,12.11,67.63,4.48,244.7,478.27
2026-01-06,08:50,1012.61,12.6,63.13,2.47,221.8,525.14
2026-01-06,09:00,1010.75,12.61,59.22,4.06,223.2,531.43
2026-01-06,09:10,1010.49,11.33,59.92,3.89,241.5,574.49
2026-01-06,09:20,1011.68,12.16,69.81,3.76,203.1,574.9
2026-01-06,09:30,1009.63,12.74,63.8,4.01,181.9,601.7
2026-01-06,09:40,1009.95,13.1,62.09,3.12,244.1,625.5
2026-01-06,09:50,1010.74,13.82,60.07,1.84,217.9,656.63
2026-01-06,10:00,1011.66,13.74,61.67,3.05,218.5,668.12
2026-01-06,10:10,1011.09,12.9,61.06,2.36,199.7,682.45
2026-01-06,10:20,1010.79,14.32,60.57,2.49,200.6,719.74
2026-01-06,10:30,1010.58,14.69,59.33,2.09,237.7,688.65
2026-01-06,10:40,1010.86,14.86,61.83,2.58,241.7,710.47
2026-01-06,10:50,1010.61,15.42,57.96,2.44,237.2,720.81
2026-01-06,11:00,1009.33,15.43,53.48,1.15,237.9,722.0
2026-01-06,11:10,1010.36,15.35,54.49,3.25,232.9,742.66
2026-01-06,11:20,1009.19,15.15,48.59,4.26,222.4,766.17
2026-01-06,11:30,1010.3,14.2,64.21,3.08,215.3,755.99
2026-01-06,11:40,1009.69,15.81,59.16,2.46,250.4,762.82
2026-01-06,11:50,1012.66,15.8,52.03,2.51,211.3,748.41
2026-01-06,12:00,1010.04,15.98,53.88,2.21,230.4,760.33
2026-01-06,12:10,1008.62,15.02,52.15,2.51,201.5,763.68
2026-01-06,12:20,1009.84,15.27,60.58,2.37,205.6,774.8
2026-01-06,12:30,1010.45,16.87,48.46,1.75,216.7,743.4
2026-01-06,12:40,1011.56,16.2,54.36,3.47,203.0,753.0
2026-01-06,12:50,1009.25,16.79,53.26,1.2,243.5,765.01
2026-01-06,13:00,1008.21,16.4,56.82,2.69,190.4,738.71
2026-01-06,13:10,1010.56,16.46,52.94,2.07,227.0,709.32
2026-01-06,13:20,1008.32,17.15,46.2,3.42,228.3,739.32
2026-01-06,13:30,1009.22,16.17,52.12,2.28,180.2,720.67
2026-01-06,13:40,1009.36,16.62,49.17,1.74,214.9,708.8
2026-01-06,13:50,1009.5,16.25,53.33,1.77,232.8,662.63
2026-01-06,14:00,1010.22,16.27,58.74,1.93,237.6,685.59
2026-01-06,14:10,1008.81,16.35,46.06,1.06,222.2,640.78
2026-01-06,14:20,1009.18,16.7,49.86,1.27,244.7,625.32
2026-01-06,14:30,1009.41,16.18,50.92,0.52,225.5,603.16
2026-01-06,14:40,1009.53,17.36,51.7,1.08,229.0,601.96
2026-01-06,14:50,1009.45,15.8,56.32,1.76,235.4,566.3
2026-01-06,15:00,1009.76,16.23,52.82,1.86,252.7,551.03
2026-01-06,15:10,1010.13,15.98,55.36,0.23,213.0,521.9
2026-01-06,15:20,1009.65,17.21,51.4,1.48,218.2,494.59
2026-01-06,15:30,1009.69,16.24,55.06,1.94,214.1,458.17
2026-01-06,15:40,1007.63,16.72,57.52,1.4,222.9,464.18
2026-01-06,15:50,1009.24,14.84,51.77,1.04,267.3,396.92
2026-01-06,16:00,1009.65,15.94,58.14,1.17,246.3,390.69
2026-01-06,16:10,1009.88,16.24,55.56,1.06,204.1,360.78
2026-01-06,16:20,1008.44,15.52,59.89,0.97,217.8,339.95
2026-01-06,16:30,1008.46,16.06,55.29,1.51,242.5,311.96
2026-01-06,16:40,1008.53,14.78,58.03,2.99,211.0,262.3
2026-01-06,16:50,1009.63,15.96,56.78,0.83,215.9,238.45
2026-01-06,17:00,1010.13,16.4,57.01,1.12,268.0,220.95
2026-01-06,17:10,1008.68,14.34,58.9,1.29,219.4,166.29
2026-01-06,17:20,1009.99,14.09,60.51,0.84,259.0,121.26
2026-01-06,17:30,1009.21,15.21,53.87,2.08,266.9,96.16
2026-01-06,17:40,1008.96,15.09,65.13,0.36,217.6,51.64
2026-01-06,17:50,1008.88,13.39,52.5,0.93,214.0,38.14
2026-01-06,18:00,1009.84,13.24,57.76,1.87,229.7,12.77
2026-01-06,18:10,1009.43,13.11,60.7,1.1,209.8,0.0
2026-01-06,18:20,1011.39,12.13,63.31,0.73,240.4,0.0
2026-01-06,18:30,1008.28,12.18,68.56,1.62,232.5,12.26
2026-01-06,18:40,1009.67,11.88,55.44,1.95,247.0,0.0
2026-01-06,18:50,1008.64,11.79,61.46,1.48,273.3,0.0
2026-01-06,19:00,1008.32,12.05,55.61,0.78,259.1,0.0
2026-01-06,19:10,1009.2,11.99,64.88,1.67,251.3,3.02
2026-01-06,19:20,1009.38,12.65,66.48,1.09,190.2,5.07
2026-01-06,19:30,1012.18,10.6,72.41,1.91,250.8,0.0
2026-01-06,19:40,1009.11,11.73,67.18,2.45,283.1,21.12
2026-01-06,19:50,1008.2,10.63,71.52,0.39,165.1,0.78
2026-01-06,20:00,1009.64,10.48,70.34,1.54,257.9,12.42
2026-01-06,20:10,1007.32,10.72,66.91,0.27,236.9,9.44
2026-01-06,20:20,1009.35,9.2,63.67,3.23,220.0,0.0
2026-01-06,20:30,1009.49,9.99,71.06,1.22,261.5,0.0
2026-01-06,20:40,1010.32,9.58,64.64,2.1,284.5,25.48
2026-01-06,20:50,1010.54,9.55,76.43,1.59,261.5,0.0
2026-01-06,21:00,1009.11,9.15,71.23,1.09,233.1,0.0
2026-01-06,21:10,1009.51,10.42,77.29,1.04,219.1,2.05
2026-01-06,21:20,1008.94,8.0,71.21,2.84,246.5,0.0
2026-01-06,21:30,1008.63,7.83,74.82,2.44,265.0,0.0
2026-01-06,21:40,1010.12,7.52,75.18,3.17,233.8,0.0
2026-01-06,21:50,1008.59,7.34,74.75,1.89,236.4,17.18
2026-01-06,22:00,1009.51,7.05,73.77,2.1,314.5,0.0
2026-01-06,22:10,1008.98,8.1,77.63,1.76,271.2,0.0
2026-01-06,22:20,1010.59,8.04,72.9,1.79,273.2,0.0
2026-01-06,22:30,1011.9,6.43,72.29,1.31,208.2,26.48
2026-01-06,22:40,1008.85,6.05,82.61,2.15,227.2,0.0
2026-01-06,22:50,1008.36,6.76,81.04,1.59,247.0,5.21
2026-01-06,23:00,1010.15,5.85,78.87,2.5,220.3,0.0
2026-01-06,23:10,1010.35,6.5,85.72,2.36,285.6,3.85
2026-01-06,23:20,1010.62,6.02,78.42,2.49,281.0,17.51
2026-01-06,23:30,1010.02,4.65,85.19,3.52,232.6,0.0
2026-01-06,23:40,1010.33,6.64,80.99,2.37,290.8,5.5
2026-01-06,23:50,1010.96,6.67,76.55,2.98,246.3,0.0
2026-01-07,00:00,1011.69,4.85,88.38,3.94,311.3,24.27
2026-01-07,00:10,1008.76,4.87,85.27,3.47,250.4,3.22
2026-01-07,00:20,1010.41,5.23,81.11,3.41,261.3,0.0
2026-01-07,00:30,1011.06,5.16,84.77,2.44,282.1,0.0
2026-01-07,00:40,1009.99,5.29,80.48,2.87,279.2,0.0
2026-01-07,00:50,1012.7,6.15,85.62,1.84,260.2,0.0
2026-01-07,01:00,1010.4,4.54,72.92,3.16,244.1,0.0
2026-01-07,01:10,1011.06,4.04,78.57,3.05,260.6,0.0
2026-01-07,01:20,1011.72,3.58,86.69,2.93,227.5,0.0
2026-01-07,01:30,1010.63,3.99,81.87,3.68,251.9,5.86
2026-01-07,01:40,1009.44,4.45,83.77,2.16,220.5,0.0
2026-01-07,01:50,1010.91,5.71,77.6,4.2,203.8,0.0
2026-01-07,02:00,1012.43,4.09,90.39,3.73,249.7,0.0
2026-01-07,02:10,1011.12,4.61,87.75,3.1,280.2,0.0
2026-01-07,02:20,1010.67,4.45,82.14,3.08,271.9,1.72
2026-01-07,02:30,1012.5,5.32,81.25,3.57,246.8,0.0
2026-01-07,02:40,1011.29,6.3,86.89,4.34,292.6,13.45
2026-01-07,02:50,1011.17,4.21,90.57,3.38,234.8,8.21
2026-01-07,03:00,1011.88,4.3,86.3,3.45,201.2,0.0
2026-01-07,03:10,1012.55,5.44,90.99,3.4,194.7,7.93
2026-01-07,03:20,1014.21,5.27,78.41,4.67,219.8,1.34
2026-01-07,03:30,1012.7,6.18,78.58,3.19,269.8,0.0
2026-01-07,03:40,1013.08,5.4,76.84,3.46,233.6,0.0
2026-01-07,03:50,1011.45,4.85,83.07,4.54,261.1,3.8
2026-01-07,04:00,1010.97,5.64,81.69,3.64,290.8,0.0
2026-01-07,04:10,1012.1,6.14,80.04,4.36,222.2,13.14
2026-01-07,04:20,1012.18,6.08,83.52,2.95,261.7,0.17
2026-01-07,04:30,1011.03,6.01,84.83,3.46,263.3,0.0
2026-01-07,04:40,1011.97,6.57,73.39,4.67,228.3,21.57
2026-01-07,04:50,1012.57,6.81,76.67,3.17,283.7,6.92
2026-01-07,05:00,1012.56,7.14,81.89,3.55,242.7,0.0
2026-01-07,05:10,1012.73,6.81,76.26,3.85,240.3,0.0
2026-01-07,05:20,1012.54,6.43,74.45,2.99,302.7,0.0
2026-01-07,05:30,1011.77,6.86,81.21,3.4,263.0,0.0
2026-01-07,05:40,1011.78,7.81,71.45,3.77,273.1,0.0
2026-01-07,05:50,1011.11,6.61,74.85,3.73,283.9,4.25
2026-01-07,06:00,1014.11,7.66,76.81,4.6,233.7,3.14
2026-01-07,06:10,1012.36,7.35,72.63,4.78,281.2,46.79
2026-01-07,06:20,1012.13,7.88,77.47,3.1,237.4,75.28
2026-01-07,06:30,1011.43,8.99,71.46,3.77,236.4,108.2
2026-01-07,06:40,1015.31,8.47,78.76,4.15,243.2,137.2
2026-01-07,06:50,1011.3,8.62,72.01,4.73,234.4,183.45
2026-01-07,07:00,1011.95,7.88,74.57,4.16,270.5,197.12
2026-01-07,07:10,1012.79,9.61,74.23,3.85,256.5,229.96
2026-01-07,07:20,1012.98,9.79,68.09,4.09,237.5,242.66
2026-01-07,07:30,1013.33,11.11,61.74,4.08,266.6,309.79
2026-01-07,07:40,1014.17,9.64,70.75,2.94,242.9,327.22
2026-01-07,07:50,1012.87,10.27,68.94,3.7,241.5,393.74
2026-01-07,08:00,1011.29,10.55,70.22,4.56,250.8,383.4
2026-01-07,08:10,1012.08,11.74,66.44,3.37,261.1,418.31
2026-01-07,08:20,1012.63,10.83,64.97,3.57,259.2,452.0
2026-01-07,08:30,1014.38,11.35,74.08,3.28,240.3,459.57
2026-01-07,08:40,1010.89,11.83,59.51,1.8,270.5,503.55
2026-01-07,08:50,1013.48,11.79,67.69,3.4,243.7,525.17
2026-01-07,09:00,1012.43,11.6,61.82,3.56,232.8,545.61
2026-01-07,09:10,1013.07,12.3,62.15,2.95,212.3,586.79
2026-01-07,09:20,1012.11,13.16,61.6,2.46,273.5,584.25
2026-01-07,09:30,1011.34,11.93,59.05,2.61,249.1,619.64
2026-01-07,09:40,1012.91,12.98,63.95,3.72,254.0,653.88
2026-01-07,09:50,1012.78,12.63,66.64,4.53,274.7,646.8
2026-01-07,10:00,1013.07,14.19,62.38,4.07,236.5,669.34
2026-01-07,10:10,1012.06,12.51,60.35,2.11,214.0,717.39
2026-01-07,10:20,1011.44,13.4,55.45,3.61,250.0,709.96
2026-01-07,10:30,1010.45,14.26,60.94,2.5,255.8,711.89
2026-01-07,10:40,1012.8,15.29,66.98,2.5,241.3,739.92
2026-01-07,10:50,1012.37,14.35,56.34,2.54,284.6,734.4
2026-01-07,11:00,1010.94,14.19,55.89,3.3,185.5,731.96
2026-01-07,11:10,1011.34,16.08,54.7,3.43,275.5,775.31
2026-01-07,11:20,1011.37,13.92,54.55,2.64,267.1,752.25
2026-01-07,11:30,1010.32,13.55,45.12,2.6,258.5,800.11
2026-01-07,11:40,1010.95,15.55,57.33,2.93,163.5,768.54
2026-01-07,11:50,1010.6,15.04,51.97,2.95,278.9,802.27
2026-01-07,12:00,1011.29,14.81,48.57,3.32,220.9,761.02
2026-01-07,12:10,1010.92,16.14,57.71,1.55,233.7,789.04
2026-01-07,12:20,1010.0,15.93,50.08,2.41,241.9,780.55
2026-01-07,12:30,1013.62,15.47,52.79,1.6,256.2,780.95
2026-01-07,12:40,1012.81,15.06,59.77,2.26,261.8,777.39
2026-01-07,12:50,1010.74,16.65,48.06,2.08,267.9,753.21
2026-01-07,13:00,1011.76,16.56,47.38,2.16,265.7,735.45
2026-01-07,13:10,1011.87,16.1,54.43,1.58,251.5,741.08
2026-01-07,13:20,1012.62,17.51,57.83,1.05,255.3,733.49
2026-01-07,13:30,1010.57,15.51,46.83,0.57,217.4,712.89
2026-01-07,13:40,1012.45,15.21,54.69,1.9,225.7,708.24
2026-01-07,13:50,1010.78,15.81,55.34,1.64,266.6,693.89
2026-01-07,14:00,1009.97,16.27,44.76,1.43,264.9,662.72
2026-01-07,14:10,1012.0,16.46,56.21,2.78,261.8,660.8
2026-01-07,14:20,1012.54,16.1,56.56,1.21,230.6,634.02
2026-01-07,14:30,1013.81,16.49,51.88,2.76,265.9,608.79
2026-01-07,14:40,1010.0,15.32,58.24,2.87,213.9,605.41
2026-01-07,14:50,1011.88,17.16,57.9,0.32,269.6,564.29
2026-01-07,15:00,1010.75,16.02,53.92,1.72,235.8,544.68
2026-01-07,15:10,1011.93,16.79,51.89,1.34,284.2,526.52
2026-01-07,15:20,1009.65,16.16,50.01,0.46,203.8,516.65
2026-01-07,15:30,1009.85,16.14,53.99,0.54,285.6,476.01
2026-01-07,15:40,1010.32,16.11,56.68,2.06,232.2,452.68
2026-01-07,15:50,1011.16,15.91,53.4,2.9,231.4,414.55
2026-01-07,16:00,1010.44,15.92,46.22,2.09,245.5,388.17
2026-01-07,16:10,1011.73,16.26,60.42,1.66,222.9,358.77
2026-01-07,16:20,1012.09,15.32,56.47,1.4,238.2,332.44
2026-01-07,16:30,1011.66,15.52,54.58,2.57,221.2,294.29
2026-01-07,16:40,1012.68,14.8,59.94,2.88,221.8,282.29
2026-01-07,16:50,1011.48,15.69,63.04,0.94,251.2,229.58
2026-01-07,17:00,1009.85,14.03,46.19,0.06,216.2,180.98
2026-01-07,17:10,1012.43,15.57,59.6,0.14,219.2,201.4
2026-01-07,17:20,1010.47,14.08,52.65,2.24,203.7,131.25
2026-01-07,17:30,1012.0,12.9,60.87,1.28,225.1,117.37
2026-01-07,17:40,1012.67,13.78,59.91,1.43,270.1,84.71
2026-01-07,17:50,1011.57,13.0,62.48,0.05,215.8,45.3
2026-01-07,18:00,1009.64,13.84,58.5,0.77,218.3,0.0
2026-01-07,18:10,1010.23,12.56,53.58,1.09,241.1,3.44
2026-01-07,18:20,1012.5,12.47,59.86,1.45,226.6,0.0
2026-01-07,18:30,1011.03,11.21,63.89,1.03,291.2,23.88
2026-01-07,18:40,1011.3,11.97,66.93,0.59,231.1,0.0
2026-01-07,18:50,1012.01,10.34,58.8,0.78,243.2,0.0
2026-01-07,19:00,1011.98,10.68,68.23,2.19,258.0,1.19
2026-01-07,19:10,1011.59,12.06,62.16,1.53,257.1,0.0
2026-01-07,19:20,1011.14,11.82,66.85,1.8,239.5,0.0
2026-01-07,19:30,1011.08,11.31,64.0,0.76,229.2,16.73
2026-01-07,19:40,1012.29,10.07,67.42,0.66,283.4,11.4
2026-01-07,19:50,1012.02,10.45,70.91,1.07,229.9,3.86
2026-01-07,20:00,1011.26,10.22,63.09,0.85,221.0,0.0
2026-01-07,20:10,1012.64,9.15,65.93,1.73,215.5,12.77
2026-01-07,20:20,1011.48,10.75,70.05,3.82,188.0,0.0
2026-01-07,20:30,1010.8,10.04,79.56,2.03,251.3,18.84
2026-01-07,20:40,1010.95,9.01,67.15,3.5,171.7,1.33
2026-01-07,20:50,1010.78,8.93,79.41,2.01,229.8,14.76
2026-01-07,21:00,1011.54,8.8,79.9,1.21,224.4,0.0
2026-01-07,21:10,1013.11,6.97,72.12,1.93,285.1,0.86
2026-01-07,21:20,1011.12,7.98,71.94,2.98,182.8,14.71
2026-01-07,21:30,1012.18,7.43,70.97,3.05,205.7,26.33
2026-01-07,21:40,1011.39,6.96,74.07,1.41,224.3,18.72
2026-01-07,21:50,1011.85,7.23,69.3,2.03,222.4,10.53
2026-01-07,22:00,1010.67,8.45,75.2,0.9,213.1,7.07
2026-01-07,22:10,1012.02,7.42,82.05,2.52,224.4,0.0
2026-01-07,22:20,1012.11,6.35,74.16,3.08,194.4,3.54
2026-01-07,22:30,1012.91,6.93,76.17,2.07,234.4,0.0
2026-01-07,22:40,1012.66,7.31,120.0,1.62,167.0,4.51
2026-01-07,22:50,1011.31,6.78,79.63,2.39,223.9,5.28
2026-01-07,23:00,1013.66,5.98,79.66,2.48,209.0,0.0
2026-01-07,23:10,1012.86,5.3,79.31,2.3,249.0,0.46
2026-01-07,23:20,1012.92,6.07,78.62,2.42,267.0,4.98
2026-01-07,23:30,1012.78,5.69,78.73,2.22,214.3,0.0
2026-01-07,23:40,1012.34,5.88,82.29,3.09,256.9,4.3
2026-01-07,23:50,1013.15,5.55,80.54,2.96,213.7,0.0
2026-01-08,00:00,1013.48,5.7,82.25,1.81,197.0,0.0
2026-01-08,00:10,1011.32,4.47,82.17,1.84,264.3,12.42
2026-01-08,00:20,1012.6,5.65,86.09,2.43,233.2,0.01
2026-01-08,00:30,1012.96,4.75,84.57,3.17,219.8,4.08
2026-01-08,00:40,1013.54,5.97,82.87,2.81,236.3,0.0
2026-01-08,00:50,1014.55,3.95,88.38,2.31,225.5,0.23
2026-01-08,01:00,1012.65,5.57,84.17,2.99,216.4,0.0
2026-01-08,01:10,1012.99,4.43,87.86,2.63,184.5,10.15
2026-01-08,01:20,1013.05,3.78,85.2,3.53,210.3,21.7
2026-01-08,01:30,1012.83,3.86,75.5,3.19,232.2,0.0
2026-01-08,01:40,1013.35,3.94,88.16,2.79,213.0,0.0
2026-01-08,01:50,1014.53,4.44,83.53,3.22,238.1,5.29
2026-01-08,02:00,1012.77,4.5,82.79,4.02,224.6,17.69
2026-01-08,02:10,1014.32,3.74,84.11,2.75,192.5,0.0
2026-01-08,02:20,1012.25,4.14,81.56,3.47,181.0,0.0
2026-01-08,02:30,1013.45,5.68,83.78,3.18,209.5,0.0
2026-01-08,02:40,1013.74,5.43,80.4,3.57,199.8,0.0
2026-01-08,02:50,1015.8,4.58,87.74,2.85,220.7,0.0
2026-01-08,03:00,1013.91,4.36,82.03,3.43,193.8,0.0
2026-01-08,03:10,1012.04,4.48,80.78,4.16,195.8,0.0
2026-01-08,03:20,1012.29,4.91,78.4,2.76,237.0,0.0
2026-01-08,03:30,1014.38,3.86,82.93,2.52,213.8,0.89
2026-01-08,03:40,1015.01,4.5,82.34,2.58,192.0,2.58
2026-01-08,03:50,1014.82,3.62,82.86,2.69,209.5,0.0
2026-01-08,04:00,1014.65,5.19,76.88,3.96,242.9,4.76
2026-01-08,04:10,1015.69,5.5,74.25,2.58,215.3,0.0
2026-01-08,04:20,1014.03,4.85,82.79,3.38,222.2,8.64
2026-01-08,04:30,1015.51,6.45,85.84,4.04,188.0,9.37
2026-01-08,04:40,1013.02,4.65,75.39,3.92,231.9,0.0
2026-01-08,04:50,1013.78,4.65,85.42,3.37,263.6,7.37
2026-01-08,05:00,1012.91,6.01,79.74,3.79,185.3,0.0
2026-01-08,05:10,1014.47,6.77,78.11,3.75,175.0,15.89
2026-01-08,05:20,1014.73,7.41,76.05,3.52,208.3,0.0
2026-01-08,05:30,1014.92,6.12,71.59,3.54,225.3,4.23
2026-01-08,05:40,1014.89,7.4,80.55,5.26,200.5,0.0
2026-01-08,05:50,1013.92,6.84,72.96,4.27,175.9,0.0
2026-01-08,06:00,1014.68,6.96,72.38,5.44,198.9,10.81
2026-01-08,06:10,1013.39,7.93,78.89,3.35,216.0,26.65
2026-01-08,06:20,1016.26,8.0,66.81,3.64,190.3,47.57
2026-01-08,06:30,1014.61,6.68,67.65,2.76,215.1,67.21
2026-01-08,06:40,1014.43,9.06,73.06,3.12,228.4,124.92
2026-01-08,06:50,1016.52,9.23,73.68,5.0,204.7,185.31
2026-01-08,07:00,1013.69,8.08,73.82,3.29,197.4,216.94
2026-01-08,07:10,1013.81,9.05,70.04,4.99,218.3,225.9
2026-01-08,07:20,1013.84,9.37,80.73,2.76,175.5,262.25
2026-01-08,07:30,1014.87,9.46,69.05,2.87,172.5,292.88
2026-01-08,07:40,1015.37,9.15,68.38,3.35,189.1,313.61
2026-01-08,07:50,1015.67,9.33,65.47,3.52,182.9,348.74
2026-01-08,08:00,1017.5,10.04,68.5,4.19,174.5,401.74
2026-01-08,08:10,1012.66,11.14,69.81,3.83,239.7,425.11
2026-01-08,08:20,1015.51,10.95,71.51,3.19,247.7,450.63
2026-01-08,08:30,1014.33,10.57,60.08,3.36,183.9,458.78
2026-01-08,08:40,1014.29,11.63,64.41,3.2,194.4,502.55
2026-01-08,08:50,1014.24,9.35,66.54,2.74,186.9,499.28
2026-01-08,09:00,1013.93,12.4,66.47,2.73,218.6,561.63
2026-01-08,09:10,1016.5,10.63,63.52,4.03,223.0,578.15
2026-01-08,09:20,1015.64,11.84,65.04,1.99,145.3,581.35
2026-01-08,09:30,1014.8,11.55,59.02,4.36,201.0,638.19
2026-01-08,09:40,1016.1,11.66,67.89,2.95,155.9,617.36
2026-01-08,09:50,1013.21,13.61,65.04,2.6,231.9,664.19
2026-01-08,10:00,1013.37,12.7,55.12,3.62,198.3,682.15
2026-01-08,10:10,1012.49,13.49,55.64,4.09,166.1,676.98
2026-01-08,10:20,1013.94,13.43,55.21,3.79,180.1,706.45
2026-01-08,10:30,1014.77,14.01,61.58,3.31,178.3,700.97
2026-01-08,10:40,1014.68,13.93,53.22,3.67,198.0,698.8
2026-01-08,10:50,1014.69,13.17,56.54,1.66,210.3,731.08
2026-01-08,11:00,1013.1,14.95,59.21,2.45,155.0,746.02
2026-01-08,11:10,1015.28,14.09,56.68,2.12,229.0,769.24
2026-01-08,11:20,1014.68,13.52,57.54,3.57,222.6,768.96
2026-01-08,11:30,1015.14,14.47,51.84,2.39,159.9,774.45
2026-01-08,11:40,1012.48,15.97,58.09,3.2,183.0,764.86
2026-01-08,11:50,1014.65,15.66,52.9,2.93,223.4,772.9
2026-01-08,12:00,1013.11,14.95,53.71,1.9,210.8,768.84
2026-01-08,12:10,1013.87,15.08,55.65,2.04,171.0,764.56
2026-01-08,12:20,1014.77,15.21,54.82,3.3,199.1,769.91
2026-01-08,12:30,1014.29,16.99,54.24,1.8,253.1,774.22
2026-01-08,12:40,1013.31,15.9,50.9,2.38,180.2,761.28
2026-01-08,12:50,1014.13,16.01,52.5,1.69,161.1,757.63
2026-01-08,13:00,1012.56,16.5,53.52,1.97,180.6,761.76
2026-01-08,13:10,1015.21,16.01,47.86,2.11,181.9,737.88
2026-01-08,13:20,1013.82,15.71,51.38,1.54,162.0,716.95
2026-01-08,13:30,1015.11,15.79,54.68,1.37,185.5,727.38
2026-01-08,13:40,1013.43,15.9,47.95,2.19,142.5,710.1
2026-01-08,13:50,1013.41,15.94,57.64,1.35,156.7,695.8
2026-01-08,14:00,1013.14,16.48,58.08,1.33,191.6,682.99
2026-01-08,14:10,1014.75,16.0,48.03,1.2,128.2,663.31
2026-01-08,14:20,1013.13,16.46,58.49,1.76,194.0,639.26
2026-01-08,14:30,1014.46,15.86,52.55,2.43,120.6,647.49
2026-01-08,14:40,1013.41,15.93,54.9,2.78,127.0,582.07
2026-01-08,14:50,1011.79,14.42,51.37,1.18,157.2,568.01
2026-01-08,15:00,1013.18,16.4,57.2,3.16,176.2,563.12
2026-01-08,15:10,1012.55,15.92,55.32,0.91,201.6,528.64
2026-01-08,15:20,1013.74,16.29,50.65,2.34,169.3,510.44
2026-01-08,15:30,1012.5,13.47,49.48,1.04,161.1,476.84
2026-01-08,15:40,1014.6,16.85,48.56,0.91,181.1,463.84
2026-01-08,15:50,1013.57,15.17,55.45,0.97,144.3,406.97
2026-01-08,16:00,1013.47,15.92,57.3,1.42,168.9,406.07
2026-01-08,16:10,1014.3,14.27,57.95,1.84,134.9,374.18
2026-01-08,16:20,1014.6,15.28,55.24,1.88,166.3,315.08
2026-01-08,16:30,1013.61,13.96,51.47,0.73,160.4,306.03
2026-01-08,16:40,1012.85,14.09,53.78,0.68,143.0,266.23
2026-01-08,16:50,1011.85,15.7,61.55,0.71,166.6,227.24
2026-01-08,17:00,1012.94,14.04,55.45,1.26,165.8,179.19
2026-01-08,17:10,1013.01,14.13,58.44,1.18,190.7,156.67
2026-01-08,17:20,1013.74,14.39,54.06,0.65,120.6,143.92
2026-01-08,17:30,1013.29,13.92,60.21,1.5,158.2,111.56
2026-01-08,17:40,1014.33,13.47,57.57,2.89,140.5,65.44
2026-01-08,17:50,1013.04,13.4,64.13,0.95,180.7,43.82
2026-01-08,18:00,1013.61,14.6,63.59,1.0,177.2,11.34
2026-01-08,18:10,1014.87,12.64,59.09,1.69,170.5,1.86
2026-01-08,18:20,1014.05,12.59,61.15,0.91,139.6,0.0
2026-01-08,18:30,1013.66,12.94,60.06,1.78,178.8,5.29
2026-01-08,18:40,1013.14,12.73,57.19,0.82,117.8,5.84
2026-01-08,18:50,1013.14,12.54,60.06,2.61,112.1,8.09
2026-01-08,19:00,1012.95,11.9,64.91,1.58,123.0,10.38
2026-01-08,19:10,1013.29,10.4,66.05,0.92,153.5,0.0
2026-01-08,19:20,1014.61,12.08,65.99,0.96,170.7,0.0
2026-01-08,19:30,1013.67,9.88,64.84,1.03,78.8,0.0
2026-01-08,19:40,1012.58,10.63,70.42,2.37,185.7,8.96
2026-01-08,19:50,1015.73,9.62,67.6,0.55,155.4,0.0
2026-01-08,20:00,1014.32,9.84,70.81,0.99,112.3,5.17
2026-01-08,20:10,1012.64,9.85,61.56,1.09,153.5,0.0
2026-01-08,20:20,1013.64,9.59,53.62,1.51,177.7,16.81
2026-01-08,20:30,1014.24,9.39,71.09,1.36,164.9,0.0
2026-01-08,20:40,1015.88,9.97,64.91,0.54,176.8,9.29
2026-01-08,20:50,1013.12,8.9,70.4,1.34,114.6,1.42
2026-01-08,21:00,1015.25,8.15,70.67,1.58,137.9,0.0
2026-01-08,21:10,1015.72,8.74,78.86,1.25,124.6,0.0
2026-01-08,21:20,1013.75,8.65,74.73,2.21,190.1,0.0
2026-01-08,21:30,1014.15,6.71,74.4,2.41,162.6,15.54
2026-01-08,21:40,1013.45,7.75,77.69,1.76,217.2,0.15
2026-01-08,21:50,1014.34,7.58,76.4,2.02,133.8,0.0
2026-01-08,22:00,1014.56,6.65,73.67,0.39,126.9,0.0
2026-01-08,22:10,1015.32,7.6,80.35,1.65,140.9,1.54
2026-01-08,22:20,1015.81,6.31,72.16,2.7,178.4,10.77
2026-01-08,22:30,1014.03,6.29,78.42,1.74,134.3,0.0
2026-01-08,22:40,1012.87,5.87,71.45,1.57,146.0,0.0
2026-01-08,22:50,1014.88,5.81,78.95,3.73,144.8,0.28
2026-01-08,23:00,1015.26,4.84,79.38,3.46,142.9,10.48
2026-01-08,23:10,1015.28,4.41,85.76,2.57,125.1,0.0
2026-01-08,23:20,1014.76,6.36,73.23,3.09,137.4,6.06
2026-01-08,23:30,1015.28,4.49,77.5,0.79,135.8,0.0
2026-01-08,23:40,1016.73,4.23,83.58,1.84,139.7,0.0
2026-01-08,23:50,1015.66,3.27,81.99,2.12,162.9,24.02
2026-01-09,00:00,1014.97,4.19,81.71,2.33,182.9,0.0
2026-01-09,00:10,1014.91,3.58,77.48,2.21,117.4,9.06
2026-01-09,00:20,1015.3,5.54,79.23,0.82,128.1,8.63
2026-01-09,00:30,1017.17,4.99,86.84,2.93,116.8,0.0
2026-01-09,00:40,1015.42,3.7,81.89,3.09,141.6,0.0
2026-01-09,00:50,1015.64,5.68,83.81,3.88,123.0,9.85
2026-01-09,01:00,1015.24,4.71,82.03,2.26,141.9,0.0
2026-01-09,01:10,1016.88,3.73,77.91,2.25,163.1,0.0
2026-01-09,01:20,1017.81,2.16,86.51,1.03,71.9,12.31
2026-01-09,01:30,1016.36,5.47,84.88,2.75,146.8,0.0
2026-01-09,01:40,1016.05,2.86,92.17,3.64,122.6,0.0
2026-01-09,01:50,1016.06,2.66,78.92,2.63,145.1,23.69
2026-01-09,02:00,1013.69,4.52,86.29,4.6,110.7,0.0
2026-01-09,02:10,1016.88,5.52,77.74,2.97,162.6,0.0
2026-01-09,02:20,1016.32,4.79,83.57,3.29,155.1,0.0
2026-01-09,02:30,1016.67,4.25,86.78,2.28,146.0,0.0
2026-01-09,02:40,1015.58,4.3,74.48,3.47,151.2,0.0
2026-01-09,02:50,1015.96,4.53,81.82,1.93,112.3,0.0
2026-01-09,03:00,1015.98,4.53,80.24,3.83,115.0,18.12
2026-01-09,03:10,1017.46,4.27,79.5,3.89,148.9,3.16
2026-01-09,03:20,1016.1,4.22,83.64,4.37,110.5,7.02
2026-01-09,03:30,1018.6,4.2,86.34,2.74,165.4,0.0
2026-01-09,03:40,1016.99,3.82,81.06,3.6,120.7,3.47
2026-01-09,03:50,1015.33,4.26,82.13,3.91,140.9,11.19
2026-01-09,04:00,1016.51,3.4,81.45,3.85,180.5,0.0
2026-01-09,04:10,1016.02,4.65,80.66,2.96,109.9,3.18
2026-01-09,04:20,1014.51,4.17,75.93,1.91,128.9,8.35
2026-01-09,04:30,1018.33,4.24,84.33,3.85,153.1,18.54
2026-01-09,04:40,1017.47,5.3,80.67,3.52,150.2,23.37
2026-01-09,04:50,1017.32,6.32,80.64,3.25,117.8,0.84
2026-01-09,05:00,1016.98,6.17,75.38,4.19,112.7,13.66
2026-01-09,05:10,1015.45,4.61,76.3,3.64,119.4,0.0
2026-01-09,05:20,1016.37,5.21,76.94,2.76,161.0,18.63
2026-01-09,05:30,1017.71,6.77,70.99,2.34,117.5,0.0
2026-01-09,05:40,1015.83,5.63,69.85,2.91,126.0,0.0
2026-01-09,05:50,1014.36,6.37,73.66,5.37,113.1,5.29
2026-01-09,06:00,1016.68,7.14,77.59,4.21,141.0,0.0
2026-01-09,06:10,1016.77,6.3,72.31,3.83,126.9,36.32
2026-01-09,06:20,1017.05,7.29,70.26,3.57,97.6,86.9
2026-01-09,06:30,1017.65,6.52,70.48,3.52,98.1,97.0
2026-01-09,06:40,1017.55,7.27,71.31,4.5,72.0,122.13
2026-01-09,06:50,1017.17,8.16,71.1,3.33,100.8,190.24
2026-01-09,07:00,1018.1,7.07,80.54,4.06,141.1,207.78
2026-01-09,07:10,1015.38,8.75,75.47,3.4,154.1,257.13
2026-01-09,07:20,1017.4,8.68,74.7,4.99,137.8,276.57
2026-01-09,07:30,1017.51,9.34,74.63,4.13,134.2,281.96
2026-01-09,07:40,1015.63,9.36,65.31,4.46,116.8,336.66
2026-01-09,07:50,1015.35,10.42,63.76,3.16,139.1,347.55
2026-01-09,08:00,1016.09,9.81,63.57,4.28,126.5,389.2
2026-01-09,08:10,1016.15,9.69,72.68,3.29,164.2,417.21
2026-01-09,08:20,1017.54,10.33,64.5,3.56,116.3,426.92
2026-01-09,08:30,1016.15,10.88,61.04,4.6,152.1,463.94
2026-01-09,08:40,1015.88,10.79,63.67,2.69,140.0,526.62
2026-01-09,08:50,1016.1,11.04,63.8,3.53,136.3,528.52
2026-01-09,09:00,1017.8,10.77,65.19,3.66,67.3,548.05
2026-01-09,09:10,1016.66,11.05,64.49,3.67,140.6,595.36
2026-01-09,09:20,1016.44,10.78,59.56,2.96,113.9,591.21
2026-01-09,09:30,1016.47,13.23,65.0,4.69,105.7,616.09
2026-01-09,09:40,1017.84,11.37,59.1,2.28,79.5,649.12
2026-01-09,09:50,1015.76,11.99,60.45,4.17,116.2,651.25
2026-01-09,10:00,1017.78,12.2,63.25,3.95,116.9,664.68
2026-01-09,10:10,1016.64,13.55,57.37,4.38,83.2,662.89
2026-01-09,10:20,1016.22,12.93,57.12,1.9,78.7,693.67
2026-01-09,10:30,1018.84,14.22,61.24,2.35,127.5,707.2
2026-01-09,10:40,1015.24,13.08,54.93,3.95,136.9,732.72
2026-01-09,10:50,1015.9,13.94,56.33,1.55,119.6,734.37
2026-01-09,11:00,1014.98,13.35,59.62,1.69,143.4,777.05
2026-01-09,11:10,1017.11,15.61,65.16,2.42,112.3,746.49
2026-01-09,11:20,1017.8,13.45,58.93,2.84,112.9,782.58
2026-01-09,11:30,1017.74,14.66,57.99,3.77,91.1,773.53
2026-01-09,11:40,1017.24,15.04,57.84,2.47,74.8,784.24
2026-01-09,11:50,1015.78,15.03,51.06,2.13,160.0,785.69
2026-01-09,12:00,1015.56,14.74,55.47,2.72,141.7,750.82
2026-01-09,12:10,1014.21,14.9,54.58,2.78,78.4,776.53
2026-01-09,12:20,1017.86,15.14,55.69,2.7,117.0,771.27
2026-01-09,12:30,1016.25,15.11,54.61,2.22,110.4,757.09
2026-01-09,12:40,1015.24,15.98,55.42,0.92,105.9,771.01
2026-01-09,12:50,1017.01,16.93,52.45,1.6,102.3,779.44
2026-01-09,13:00,1014.66,15.07,53.75,3.18,121.9,718.67
2026-01-09,13:10,1016.0,14.56,48.44,2.27,132.7,734.81
2026-01-09,13:20,1015.37,15.5,51.95,1.86,122.1,715.34
2026-01-09,13:30,1016.14,17.41,58.69,2.82,108.9,718.82
2026-01-09,13:40,1015.39,15.07,54.33,1.2,107.9,700.36
2026-01-09,13:50,1013.96,16.79,52.93,1.79,135.1,681.97
2026-01-09,14:00,1015.44,16.82,60.58,2.0,123.1,681.18
2026-01-09,14:10,1016.37,15.25,47.57,1.55,113.2,674.92
2026-01-09,14:20,1015.25,16.02,48.62,1.88,110.4,668.35
2026-01-09,14:30,1016.02,16.73,59.98,1.64,119.8,607.47
2026-01-09,14:40,1014.16,15.28,53.41,0.75,99.4,573.25
2026-01-09,14:50,1015.14,15.35,52.39,1.82,131.5,579.43
2026-01-09,15:00,1014.51,15.03,48.71,0.72,84.0,568.58
2026-01-09,15:10,1015.85,14.65,55.49,1.73,100.5,534.51
2026-01-09,15:20,1015.1,14.82,56.08,2.54,126.0,518.52
2026-01-09,15:30,1015.72,14.32,49.76,1.35,82.3,470.09
2026-01-09,15:40,1016.09,15.09,53.84,0.7,71.2,438.13
2026-01-09,15:50,1015.67,14.41,53.35,1.4,112.0,418.63
2026-01-09,16:00,1015.23,14.98,56.03,0.88,68.0,384.3
2026-01-09,16:10,1013.93,13.59,50.87,1.85,77.9,366.5
2026-01-09,16:20,1014.9,14.77,60.72,1.31,129.2,339.78
2026-01-09,16:30,1014.35,14.96,59.76,2.59,105.1,309.69
2026-01-09,16:40,1014.52,12.82,55.06,2.19,142.3,271.66
2026-01-09,16:50,1014.48,14.3,56.08,1.25,80.0,236.39
2026-01-09,17:00,1013.86,14.71,56.85,1.84,107.7,210.45
2026-01-09,17:10,1012.87,12.82,54.75,1.05,120.1,144.45
2026-01-09,17:20,1014.15,14.64,56.58,1.34,80.8,137.31
2026-01-09,17:30,1015.0,13.55,57.79,1.06,135.8,101.94
2026-01-09,17:40,1013.46,12.55,65.85,1.84,122.8,70.2
2026-01-09,17:50,1014.82,12.79,63.73,2.3,69.8,32.8
2026-01-09,18:00,1016.7,12.99,64.24,1.86,109.1,5.18
2026-01-09,18:10,1015.82,12.42,62.55,1.95,119.7,0.0
2026-01-09,18:20,1016.45,12.51,57.19,1.95,95.3,13.55
2026-01-09,18:30,1015.2,11.25,62.09,1.7,73.0,5.68
2026-01-09,18:40,1015.98,11.76,66.75,0.52,117.0,1.81
2026-01-09,18:50,1014.1,10.4,58.46,2.52,165.3,0.0
2026-01-09,19:00,1014.19,11.06,66.66,2.6,100.4,9.78
2026-01-09,19:10,1012.11,10.25,74.04,1.19,149.4,2.48
2026-01-09,19:20,1016.05,10.11,69.64,1.11,91.4,0.0
2026-01-09,19:30,1016.43,11.23,71.7,1.82,115.6,0.0
2026-01-09,19:40,1014.35,10.87,67.57,1.8,129.6,7.55
2026-01-09,19:50,1014.67,10.27,71.22,1.29,110.1,6.62
2026-01-09,20:00,1014.2,8.81,65.13,0.59,102.9,5.84
2026-01-09,20:10,1015.36,9.09,71.84,1.7,128.6,1.11
2026-01-09,20:20,1016.13,9.9,71.92,1.9,157.8,12.31
2026-01-09,20:30,1013.29,8.89,71.12,2.06,118.1,14.85
2026-01-09,20:40,1015.48,10.15,75.87,1.83,97.8,8.85
2026-01-09,20:50,1014.82,8.54,69.09,1.43,106.0,0.0
2026-01-09,21:00,1015.25,8.15,71.13,2.35,173.9,0.0
2026-01-09,21:10,1015.63,7.54,72.89,1.74,114.3,0.0
2026-01-09,21:20,1015.02,7.6,69.01,1.4,96.2,23.44
2026-01-09,21:30,1015.14,7.16,74.65,1.64,82.5,3.38
2026-01-09,21:40,1015.07,7.52,67.46,0.59,65.6,25.52
2026-01-09,21:50,1016.29,7.45,79.11,1.73,120.5,0.0
2026-01-09,22:00,1015.79,6.0,75.69,2.38,127.9,0.0
2026-01-09,22:10,1015.63,5.4,73.98,2.18,101.7,0.0
2026-01-09,22:20,1014.18,4.82,73.27,3.06,111.4,0.0
2026-01-09,22:30,1015.12,6.25,76.19,1.86,82.7,0.0
2026-01-09,22:40,1016.44,4.92,80.39,2.43,115.4,0.0
2026-01-09,22:50,1015.63,3.98,80.32,2.69,124.3,6.02
2026-01-09,23:00,1016.3,5.57,75.78,3.83,99.0,12.66
2026-01-09,23:10,1017.45,6.86,75.68,2.34,154.8,29.34
2026-01-09,23:20,1016.77,4.94,82.12,1.56,91.8,0.0
2026-01-09,23:30,1015.87,5.36,77.01,2.94,120.0,0.0
2026-01-09,23:40,1015.32,4.68,80.53,3.7,134.3,0.0
2026-01-09,23:50,1013.32,4.4,81.15,2.22,111.3,13.51
2026-01-10,00:00,1015.76,4.98,82.24,3.09,108.7,9.78
2026-01-10,00:10,1015.65,4.0,84.74,3.41,77.9,0.0
2026-01-10,00:20,1016.41,4.28,76.54,3.32,147.7,0.0
2026-01-10,00:30,1015.91,4.21,74.21,2.74,109.8,11.43
2026-01-10,00:40,1015.8,3.42,79.83,2.22,127.7,4.6
2026-01-10,00:50,1014.38,4.49,89.51,2.7,131.3,9.1
2026-01-10,01:00,1015.27,3.6,90.58,3.13,98.9,0.0
2026-01-10,01:10,1016.73,3.13,89.97,3.5,109.9,0.0
2026-01-10,01:20,1018.01,3.98,82.0,3.14,148.5,0.0
2026-01-10,01:30,1016.24,2.94,75.74,2.69,87.4,8.25
2026-01-10,01:40,1016.71,3.55,73.57,3.4,168.8,25.33
2026-01-10,01:50,1017.38,3.51,80.53,3.66,97.2,0.0
2026-01-10,02:00,1015.66,4.27,82.21,3.37,86.6,27.31
2026-01-10,02:10,1016.87,3.84,88.19,2.56,119.6,9.96
2026-01-10,02:20,1015.8,3.51,86.41,3.06,171.8,0.0
2026-01-10,02:30,1017.45,4.13,83.78,3.89,69.0,2.57
2026-01-10,02:40,1016.77,4.56,79.21,2.3,113.6,10.37
2026-01-10,02:50,1016.95,4.03,78.8,1.85,129.3,0.0
2026-01-10,03:00,1015.9,3.71,83.51,4.4,118.5,7.73
2026-01-10,03:10,1017.42,2.85,85.09,3.74,127.5,14.07
2026-01-10,03:20,1018.82,3.11,83.66,3.84,100.2,4.79
2026-01-10,03:30,1015.76,3.73,77.72,2.7,103.5,0.0
2026-01-10,03:40,1016.45,3.62,84.2,4.0,115.1,0.0
2026-01-10,03:50,1017.04,4.03,83.01,3.7,90.8,0.0
2026-01-10,04:00,1017.62,4.33,76.71,2.43,118.3,0.0
2026-01-10,04:10,1016.29,4.79,77.51,4.56,110.0,0.0
2026-01-10,04:20,1014.03,4.52,83.04,3.7,108.2,0.0
2026-01-10,04:30,1018.24,5.06,78.96,3.33,128.3,1.36
2026-01-10,04:40,1017.65,4.93,85.85,3.36,75.1,0.0
2026-01-10,04:50,1015.16,3.67,81.06,2.23,115.2,0.0
2026-01-10,05:00,1016.3,4.57,76.66,4.07,179.2,9.12
2026-01-10,05:10,1018.48,5.32,78.09,3.85,94.5,4.45
2026-01-10,05:20,1018.36,4.77,77.9,3.55,154.1,0.0
2026-01-10,05:30,1017.86,6.24,74.22,4.58,123.7,6.08
2026-01-10,05:40,1016.74,7.1,72.95,2.73,107.6,0.0
2026-01-10,05:50,1016.99,7.1,78.87,3.28,90.0,0.76
2026-01-10,06:00,1016.77,6.32,78.88,3.1,126.9,11.7
2026-01-10,06:10,1018.02,7.74,77.34,3.5,160.1,26.44
2026-01-10,06:20,1016.01,7.03,80.4,3.74,114.4,53.22
2026-01-10,06:30,1016.06,6.93,71.57,3.99,122.4,99.03
2026-01-10,06:40,1017.86,6.98,79.83,3.44,150.1,117.69
2026-01-10,06:50,1016.79,7.44,68.91,3.06,133.7,163.74
2026-01-10,07:00,1018.19,7.63,67.83,4.84,86.3,196.4
2026-01-10,07:10,1016.12,8.27,64.21,5.33,128.5,202.52
2026-01-10,07:20,1016.71,8.52,68.82,3.73,164.2,270.32
2026-01-10,07:30,1015.81,8.67,67.94,3.08,125.8,293.11
2026-01-10,07:40,1016.71,9.23,71.41,4.62,58.6,340.28
2026-01-10,07:50,1015.19,10.02,69.63,2.55,137.3,358.85
2026-01-10,08:00,1016.15,10.11,63.23,3.3,123.0,394.57
2026-01-10,08:10,1015.16,8.66,65.77,3.02,82.7,428.76
2026-01-10,08:20,1017.26,8.18,65.21,2.67,86.8,440.85
2026-01-10,08:30,1017.24,10.88,58.94,3.26,153.6,469.52
2026-01-10,08:40,1014.75,9.52,61.47,2.81,111.3,476.85
2026-01-10,08:50,1017.77,10.58,61.67,3.39,107.4,535.86
2026-01-10,09:00,1018.89,10.17,69.85,3.37,129.6,543.5
2026-01-10,09:10,1016.39,9.98,64.26,2.88,114.8,556.39
2026-01-10,09:20,1015.65,11.86,65.52,3.01,133.9,599.47
2026-01-10,09:30,1019.06,12.26,56.27,3.07,126.7,585.44
2026-01-10,09:40,1014.87,11.56,66.44,3.76,102.3,626.28
2026-01-10,09:50,1016.15,10.38,66.28,3.04,119.9,660.96
2026-01-10,10:00,1016.26,12.04,52.51,3.68,144.2,662.19
2026-01-10,10:10,1017.37,12.92,57.12,3.46,134.7,674.94
2026-01-10,10:20,1016.32,11.83,61.38,3.41,132.0,693.38
2026-01-10,10:30,1015.41,13.2,61.45,3.93,183.0,687.73
2026-01-10,10:40,1014.9,13.26,55.64,2.13,153.3,732.55
2026-01-10,10:50,1015.44,13.88,56.64,2.53,156.8,733.23
2026-01-10,11:00,1014.72,13.74,55.0,4.04,131.8,740.78
2026-01-10,11:10,1015.71,13.16,57.38,2.58,141.9,748.75
2026-01-10,11:20,1015.04,14.85,61.3,0.74,126.1,758.63
2026-01-10,11:30,1014.04,14.06,53.02,2.51,156.8,771.34
2026-01-10,11:40,1016.73,14.3,59.72,2.7,135.1,766.47
2026-01-10,11:50,1014.91,13.81,52.22,0.72,143.9,752.88
2026-01-10,12:00,1014.08,14.29,51.62,3.43,142.9,776.79
2026-01-10,12:10,1015.11,14.11,57.97,1.95,138.9,775.07
2026-01-10,12:20,1015.29,14.72,58.09,2.63,213.3,769.28
2026-01-10,12:30,1013.41,16.14,57.55,2.19,123.7,775.99
2026-01-10,12:40,1015.42,14.08,48.64,1.39,124.0,758.28
2026-01-10,12:50,1013.98,13.99,51.83,1.49,158.7,764.63
2026-01-10,13:00,1016.67,16.22,56.8,1.53,127.0,760.13
2026-01-10,13:10,1015.42,15.11,53.52,2.9,135.1,740.77
2026-01-10,13:20,1014.44,14.83,48.93,1.99,115.7,713.95
2026-01-10,13:30,1014.03,16.07,54.96,1.68,155.7,709.13
2026-01-10,13:40,1014.61,14.94,50.2,1.34,156.6,711.98
2026-01-10,13:50,1015.27,16.66,60.19,2.78,136.6,664.24
2026-01-10,14:00,1014.57,15.86,59.18,2.92,162.9,661.3
2026-01-10,14:10,1014.32,15.04,55.43,2.68,99.1,644.42
2026-01-10,14:20,1014.54,16.87,58.5,2.16,128.4,619.46
2026-01-10,14:30,1013.83,14.91,53.39,1.97,142.3,620.42
2026-01-10,14:40,1014.03,15.81,56.29,0.88,117.8,593.42
2026-01-10,14:50,1012.24,15.45,59.27,1.52,104.0,558.19
2026-01-10,15:00,1015.25,16.09,54.49,1.17,140.5,550.75
2026-01-10,15:10,1014.52,16.19,52.67,0.34,166.1,517.31
2026-01-10,15:20,1013.4,15.04,47.09,2.32,181.4,483.27
2026-01-10,15:30,1016.03,14.39,53.81,1.06,136.2,459.21
2026-01-10,15:40,1014.17,15.13,57.7,2.35,168.7,445.92
2026-01-10,15:50,1013.01,14.22,58.48,2.11,166.9,424.04
2026-01-10,16:00,1014.86,15.98,57.03,1.85,182.0,378.24
2026-01-10,16:10,1014.36,14.52,53.18,1.86,143.3,361.2
2026-01-10,16:20,1014.32,14.03,47.81,0.98,107.7,343.56
2026-01-10,16:30,1013.46,14.25,54.12,2.69,155.0,278.77
2026-01-10,16:40,1014.31,13.02,55.29,1.4,128.4,266.89
2026-01-10,16:50,1013.56,13.11,55.69,1.57,136.3,240.84
2026-01-10,17:00,1014.35,14.44,59.87,0.89,147.4,197.56
2026-01-10,17:10,1011.87,12.95,65.81,0.68,147.0,181.01
2026-01-10,17:20,1013.31,12.48,58.85,1.65,159.6,159.67
2026-01-10,17:30,1015.45,13.39,58.0,1.46,174.2,104.3
2026-01-10,17:40,1012.94,13.63,58.36,0.75,148.0,64.08
2026-01-10,17:50,1013.08,13.08,60.44,0.29,167.7,45.19
2026-01-10,18:00,1013.22,13.05,57.19,0.41,158.7,10.1
2026-01-10,18:10,1012.44,11.59,61.55,2.14,182.3,0.0
2026-01-10,18:20,1011.44,10.89,63.46,0.88,154.8,0.0
2026-01-10,18:30,1013.41,12.7,63.1,1.07,158.1,0.0
2026-01-10,18:40,1013.77,11.17,64.7,2.33,151.3,4.76
2026-01-10,18:50,1013.57,10.97,65.22,0.54,157.2,0.0
2026-01-10,19:00,1013.48,11.83,57.03,0.83,142.3,0.0
2026-01-10,19:10,1013.66,11.03,67.3,0.82,140.4,0.0
2026-01-10,19:20,1014.65,10.7,62.71,2.51,182.5,8.81
2026-01-10,19:30,1013.44,11.64,61.66,2.79,136.6,19.86
2026-01-10,19:40,1013.06,9.41,62.27,1.94,156.3,0.0
2026-01-10,19:50,1013.36,10.25,69.08,1.98,190.2,0.0
2026-01-10,20:00,1014.23,9.38,67.11,1.05,156.6,0.24
2026-01-10,20:10,1015.07,9.26,61.93,2.85,186.8,0.0
2026-01-10,20:20,1013.05,9.88,71.22,1.7,151.9,14.05
2026-01-10,20:30,1013.79,8.91,64.2,2.15,141.0,0.0
2026-01-10,20:40,1014.05,8.67,71.16,1.51,128.0,0.0
2026-01-10,20:50,1012.73,8.78,72.2,1.43,201.3,0.0
2026-01-10,21:00,1013.77,7.52,75.42,2.82,140.6,16.5
2026-01-10,21:10,1012.3,6.94,79.64,2.07,188.3,3.01
2026-01-10,21:20,1012.02,6.54,67.67,2.74,145.3,0.0
2026-01-10,21:30,1014.18,5.65,73.53,1.95,203.8,0.0
2026-01-10,21:40,1013.46,8.23,73.23,1.22,226.6,0.0
2026-01-10,21:50,1014.07,5.78,76.66,1.45,129.9,4.97
2026-01-10,22:00,1013.88,6.17,76.36,1.97,145.6,0.0
2026-01-10,22:10,1012.95,5.9,74.65,1.51,192.6,1.25
2026-01-10,22:20,1013.92,6.09,74.84,1.22,186.7,24.52
2026-01-10,22:30,1012.76,6.24,72.67,2.88,193.9,0.0
2026-01-10,22:40,1015.42,6.06,81.59,1.71,160.8,0.0
2026-01-10,22:50,1012.7,4.85,79.97,2.24,225.4,4.58
2026-01-10,23:00,1013.9,4.95,82.28,2.4,179.3,0.0
2026-01-10,23:10,1013.08,5.09,77.82,1.83,146.5,20.64
2026-01-10,23:20,1014.73,4.54,76.86,3.31,171.2,16.84
2026-01-10,23:30,1013.86,5.68,75.59,1.56,148.1,0.0
2026-01-10,23:40,1013.71,4.74,81.72,2.58,218.6,0.0
2026-01-10,23:50,1015.12,4.76,76.49,2.62,162.9,0.0
2026-01-11,00:00,1014.33,4.58,88.39,2.46,192.3,0.0
2026-01-11,00:10,1014.85,4.81,76.07,1.64,168.8,4.6
2026-01-11,00:20,1013.39,3.99,82.69,3.21,165.8,12.48
2026-01-11,00:30,1013.0,2.85,88.13,3.18,134.1,0.0
2026-01-11,00:40,1014.55,3.94,84.49,2.24,197.4,12.13
2026-01-11,00:50,1014.16,3.12,83.01,3.25,215.5,7.41
2026-01-11,01:00,1015.14,3.13,78.61,3.07,160.8,0.0
2026-01-11,01:10,1014.46,3.85,77.12,1.96,145.6,0.0
2026-01-11,01:20,1014.78,4.26,85.85,2.31,205.0,1.39
2026-01-11,01:30,1012.98,3.36,88.9,3.76,144.3,0.0
2026-01-11,01:40,1016.53,3.53,81.19,3.22,216.6,12.28
2026-01-11,01:50,1014.5,4.49,78.43,2.66,164.1,0.0
2026-01-11,02:00,1015.39,3.46,73.17,2.5,159.7,6.57
2026-01-11,02:10,1013.89,5.12,79.06,2.78,194.1,0.0
2026-01-11,02:20,1015.06,3.71,82.49,2.88,162.6,0.0
2026-01-11,02:30,1013.47,2.11,89.27,2.64,171.5,0.0
2026-01-11,02:40,1015.25,3.91,85.46,2.05,198.6,12.96
2026-01-11,02:50,1014.46,3.7,83.86,4.11,129.6,0.0
2026-01-11,03:00,1014.87,4.39,80.89,4.03,232.0,0.0
2026-01-11,03:10,1015.56,4.04,79.97,2.49,192.6,0.0
2026-01-11,03:20,1013.64,3.55,87.72,3.51,159.8,0.0
2026-01-11,03:30,1014.21,2.88,82.66,2.82,167.3,0.0
2026-01-11,03:40,1015.36,3.7,73.18,3.3,218.1,0.0
2026-01-11,03:50,1017.01,3.36,78.61,3.27,209.0,0.0
2026-01-11,04:00,1014.79,3.68,77.56,3.24,229.2,19.65
2026-01-11,04:10,1015.52,4.63,78.47,4.97,178.1,2.96
2026-01-11,04:20,1014.83,5.53,82.54,3.28,203.2,2.55
2026-01-11,04:30,1016.88,4.79,79.47,3.04,207.0,0.0
2026-01-11,04:40,1013.19,3.84,79.18,3.09,214.3,0.0
2026-01-11,04:50,1015.03,5.16,84.31,4.38,225.7,0.0
2026-01-11,05:00,1013.31,5.87,75.82,2.5,180.2,6.32
2026-01-11,05:10,1012.42,4.79,85.59,3.14,195.9,1.21
2026-01-11,05:20,1015.22,5.32,74.96,4.69,184.0,0.0
2026-01-11,05:30,1015.05,5.63,77.49,3.86,198.6,3.04
2026-01-11,05:40,1014.61,5.28,75.48,3.83,217.9,0.0
2026-01-11,05:50,1014.78,6.5,76.55,5.19,159.7,4.97
2026-01-11,06:00,1017.97,6.18,77.28,3.87,229.4,0.0
2026-01-11,06:10,1014.59,6.79,76.66,3.2,173.7,32.04
2026-01-11,06:20,1015.34,6.11,71.33,3.5,195.1,51.98
2026-01-11,06:30,1014.15,6.66,69.25,2.89,234.5,99.34
2026-01-11,06:40,1015.07,7.72,83.14,4.56,212.1,139.04
2026-01-11,06:50,1014.51,7.2,70.57,4.07,213.0,182.67
2026-01-11,07:00,1014.31,8.92,74.68,4.45,175.6,178.35
2026-01-11,07:10,1016.5,7.68,64.82,4.49,179.6,240.38
2026-01-11,07:20,1015.83,8.38,69.49,3.34,229.8,261.64
2026-01-11,07:30,1014.75,9.13,69.45,2.95,192.1,285.54
2026-01-11,07:40,1012.27,7.74,71.2,3.55,195.0,330.39
2026-01-11,07:50,1014.17,7.76,57.76,2.95,232.0,348.14
2026-01-11,08:00,1017.19,8.19,68.66,3.65,182.2,388.61
2026-01-11,08:10,1014.21,10.4,62.75,4.3,215.8,396.39
2026-01-11,08:20,1015.5,9.39,67.99,3.37,210.7,428.21
2026-01-11,08:30,1015.79,11.83,61.9,3.56,210.1,473.81
2026-01-11,08:40,1014.51,9.9,61.97,3.35,197.7,506.1
2026-01-11,08:50,1013.4,10.68,63.66,3.95,196.7,512.7
2026-01-11,09:00,1011.75,11.89,59.91,2.88,184.8,503.55
2026-01-11,09:10,1014.81,12.46,61.59,1.77,224.4,557.45
2026-01-11,09:20,1013.26,12.75,58.1,3.6,196.2,581.99
2026-01-11,09:30,1014.19,12.39,54.93,3.92,237.6,599.47
2026-01-11,09:40,1012.7,12.5,65.73,3.5,208.3,625.8
2026-01-11,09:50,1013.62,12.43,55.89,2.7,188.0,634.36
2026-01-11,10:00,1013.86,12.79,59.79,-3.0,209.1,667.24
2026-01-11,10:10,1014.03,12.09,62.95,3.4,205.3,659.01
2026-01-11,10:20,1012.58,12.12,56.94,3.11,241.3,702.41
2026-01-11,10:30,1014.82,12.9,55.57,2.87,207.3,719.41
2026-01-11,10:40,1012.96,12.98,59.26,4.19,210.2,701.75
2026-01-11,10:50,1011.82,12.98,62.34,2.2,252.9,712.29
2026-01-11,11:00,1013.31,13.97,52.72,4.05,230.8,737.34
2026-01-11,11:10,1013.39,14.34,56.34,2.78,260.2,725.93
2026-01-11,11:20,1013.44,13.9,49.58,1.42,250.6,740.63
2026-01-11,11:30,1014.57,15.04,54.53,2.53,197.5,764.7
2026-01-11,11:40,1012.91,13.36,55.85,3.28,244.9,763.82
2026-01-11,11:50,1012.95,14.16,51.93,2.3,258.8,780.8
2026-01-11,12:00,1011.9,13.93,53.18,1.47,259.5,759.7
2026-01-11,12:10,1013.75,13.25,49.06,2.33,246.3,749.5
2026-01-11,12:20,1013.04,14.62,54.71,1.8,246.3,755.19
2026-01-11,12:30,1012.37,14.7,58.36,2.69,215.0,749.07
2026-01-11,12:40,1010.81,15.93,49.52,2.83,202.2,744.11
2026-01-11,12:50,1014.09,15.4,51.2,1.5,214.8,738.92
2026-01-11,13:00,1011.35,14.31,55.52,1.7,182.4,720.07
2026-01-11,13:10,1011.92,16.39,58.2,2.67,258.1,725.3
2026-01-11,13:20,1012.8,16.0,47.26,1.49,217.9,694.3
2026-01-11,13:30,1011.18,15.59,52.45,1.28,257.7,690.54
2026-01-11,13:40,1010.81,15.05,54.19,1.17,195.1,684.33
2026-01-11,13:50,1010.12,14.55,52.61,2.19,253.4,643.95
2026-01-11,14:00,1012.9,14.97,43.09,2.12,214.5,664.32
2026-01-11,14:10,1011.57,15.99,55.02,1.38,195.2,613.25
2026-01-11,14:20,1014.98,16.53,59.13,1.82,268.4,627.51
2026-01-11,14:30,1011.0,16.26,53.59,2.84,255.9,584.37
2026-01-11,14:40,1011.01,14.8,49.1,1.05,233.9,574.29
2026-01-11,14:50,1011.31,14.3,51.3,0.32,229.9,563.56
2026-01-11,15:00,1012.06,15.12,60.59,1.97,240.5,560.82
2026-01-11,15:10,1011.29,13.71,57.33,1.54,234.8,511.95
2026-01-11,15:20,1012.32,15.09,56.46,1.08,210.5,461.91
2026-01-11,15:30,1010.68,14.67,55.57,2.0,220.5,471.37
2026-01-11,15:40,1010.23,14.34,51.76,2.1,280.2,430.5
2026-01-11,15:50,1009.76,13.43,53.89,0.06,298.4,406.66
2026-01-11,16:00,1009.29,14.78,54.7,1.0,271.1,384.29
2026-01-11,16:10,1010.95,13.91,57.55,3.06,244.4,321.96
2026-01-11,16:20,1011.13,13.32,61.75,1.82,224.4,319.15
2026-01-11,16:30,1010.76,11.97,60.57,1.86,213.3,283.96
2026-01-11,16:40,1012.59,13.8,50.83,2.19,215.3,272.81
2026-01-11,16:50,1012.54,14.89,57.84,1.37,220.2,235.66
2026-01-11,17:00,1010.95,14.63,60.34,1.9,288.2,175.77
2026-01-11,17:10,1009.46,12.95,60.34,1.83,279.9,178.45
2026-01-11,17:20,1010.66,12.65,55.84,1.7,253.8,136.39
2026-01-11,17:30,1010.6,13.2,70.53,1.08,211.5,79.88
2026-01-11,17:40,1010.52,11.96,54.29,1.43,258.2,66.4
2026-01-11,17:50,1010.45,12.65,55.61,0.89,230.3,45.31
2026-01-11,18:00,1010.48,12.75,61.43,1.31,182.8,0.0
2026-01-11,18:10,1010.73,12.85,69.54,0.48,244.2,16.53
2026-01-11,18:20,1010.47,11.68,58.32,0.75,216.3,0.0
2026-01-11,18:30,1011.3,11.37,61.2,1.11,217.5,0.0
2026-01-11,18:40,1011.44,10.65,67.18,0.66,231.8,0.0
2026-01-11,18:50,1010.16,10.44,63.42,0.97,225.9,16.52
2026-01-11,19:00,1012.34,10.61,62.78,1.23,237.9,0.0
2026-01-11,19:10,1010.08,10.77,67.02,1.64,237.0,0.0
2026-01-11,19:20,1009.44,10.9,66.49,2.04,192.5,5.34
2026-01-11,19:30,1011.44,9.43,70.16,1.07,277.7,7.93
2026-01-11,19:40,1010.25,10.78,71.86,2.35,215.4,8.01
2026-01-11,19:50,1011.39,9.28,68.57,2.09,216.5,0.0
2026-01-11,20:00,1008.67,9.2,69.17,1.81,232.4,3.05
2026-01-11,20:10,1012.48,8.43,69.51,1.6,238.2,0.0
2026-01-11,20:20,1011.77,6.99,71.26,1.74,277.7,20.1
2026-01-11,20:30,1009.61,9.05,70.18,2.38,248.3,13.73
2026-01-11,20:40,1009.65,8.68,70.6,2.44,256.0,13.0
2026-01-11,20:50,1012.81,7.71,76.03,2.55,249.0,9.53
2026-01-11,21:00,1010.42,7.7,77.95,1.68,248.2,6.24
2026-01-11,21:10,1010.35,7.77,66.48,2.08,250.4,0.0
2026-01-11,21:20,1008.94,6.06,73.17,2.67,194.6,7.6
2026-01-11,21:30,1010.88,6.54,70.99,1.33,236.9,1.37
2026-01-11,21:40,1011.02,7.23,73.1,1.59,272.5,15.16
2026-01-11,21:50,1011.99,5.56,76.54,1.87,342.3,9.69
2026-01-11,22:00,1009.9,6.41,78.18,2.53,213.8,6.6
2026-01-11,22:10,1009.81,5.03,75.61,2.59,254.8,0.0
2026-01-11,22:20,1011.81,6.09,68.95,1.83,230.2,0.0
2026-01-11,22:30,1012.4,5.53,73.27,0.98,295.9,0.0
2026-01-11,22:40,1009.85,4.22,81.23,2.26,211.1,3.03
2026-01-11,22:50,1012.54,5.97,67.17,1.5,260.8,0.0
2026-01-11,23:00,1011.53,4.45,83.36,1.15,210.2,0.0
2026-01-11,23:10,1012.62,4.21,81.14,1.36,237.6,5.51
2026-01-11,23:20,1011.49,4.75,84.76,2.52,244.9,0.0
2026-01-11,23:30,1009.07,5.25,79.11,3.3,272.7,1.46
2026-01-11,23:40,1011.48,3.58,72.04,2.42,219.3,0.0
2026-01-11,23:50,1012.72,4.19,82.37,2.6,263.0,0.0
2026-01-12,00:00,1010.8,4.31,86.09,3.33,247.0,7.87
2026-01-12,00:10,1011.35,4.37,85.0,1.47,253.6,0.0
2026-01-12,00:20,1011.59,3.89,78.94,2.97,270.9,14.95
2026-01-12,00:30,1008.91,3.4,82.21,2.65,215.1,11.69
2026-01-12,00:40,1013.51,2.99,79.96,3.1,267.6,0.0
2026-01-12,00:50,1010.97,3.54,79.03,2.42,233.2,35.98
2026-01-12,01:00,1012.41,2.66,86.31,2.24,275.0,14.92
2026-01-12,01:10,1011.86,1.3,77.85,2.96,256.1,0.0
2026-01-12,01:20,1013.23,3.6,79.2,4.06,242.7,8.95
2026-01-12,01:30,1012.41,3.89,78.46,3.56,233.3,0.79
2026-01-12,01:40,1011.8,1.57,76.98,2.65,268.8,0.0
2026-01-12,01:50,1011.18,2.5,83.57,2.12,279.9,0.0
2026-01-12,02:00,1012.9,3.64,87.65,1.92,235.1,11.94
2026-01-12,02:10,1010.26,4.65,82.25,4.07,220.3,0.0
2026-01-12,02:20,1012.8,3.24,76.92,2.52,266.1,0.0
2026-01-12,02:30,1011.08,2.74,86.23,3.0,212.6,0.0
2026-01-12,02:40,1013.46,3.16,89.51,4.2,216.3,0.0
2026-01-12,02:50,1012.39,4.31,80.06,2.18,222.5,0.0
2026-01-12,03:00,1012.9,2.95,80.57,4.39,238.8,4.66
2026-01-12,03:10,1012.35,2.92,84.37,3.21,215.8,0.0
2026-01-12,03:20,1010.54,3.22,88.58,2.62,200.8,0.2
2026-01-12,03:30,1011.45,2.99,79.78,3.28,221.0,0.0
2026-01-12,03:40,1013.0,3.85,76.26,2.98,265.5,16.83
2026-01-12,03:50,1012.5,5.02,83.83,3.82,217.8,35.31
2026-01-12,04:00,1013.53,4.23,84.19,3.09,241.1,0.0
2026-01-12,04:10,1012.76,3.96,80.68,2.23,298.3,0.0
2026-01-12,04:20,1011.4,4.08,78.05,3.43,248.5,1.4
2026-01-12,04:30,1011.58,3.35,83.88,2.66,258.3,0.0
2026-01-12,04:40,1012.48,5.22,81.6,3.77,226.2,23.66
2026-01-12,04:50,1010.06,4.72,75.99,2.81,304.0,20.0
2026-01-12,05:00,1014.05,4.83,78.8,3.32,236.4,10.38
2026-01-12,05:10,1012.82,7.38,72.73,3.8,244.2,0.0
2026-01-12,05:20,1013.6,5.55,80.39,3.53,282.9,8.13
2026-01-12,05:30,1010.78,5.02,76.08,3.87,245.4,3.18
2026-01-12,05:40,1013.6,5.46,74.86,4.17,251.2,2.9
2026-01-12,05:50,1014.57,6.78,75.93,2.89,243.0,0.0
2026-01-12,06:00,1011.01,6.28,75.66,3.65,243.1,12.74
2026-01-12,06:10,1013.09,5.42,78.51,1.37,259.3,33.82
2026-01-12,06:20,1012.3,7.31,76.7,3.87,263.8,63.76
2026-01-12,06:30,1010.73,6.44,73.11,3.48,233.9,90.09
2026-01-12,06:40,1012.75,8.46,76.18,2.99,230.8,119.89
2026-01-12,06:50,1013.06,8.15,74.11,3.89,234.7,165.08
2026-01-12,07:00,1011.6,7.33,70.18,4.48,214.9,171.83
2026-01-12,07:10,1013.34,8.8,70.75,3.31,210.1,233.47
2026-01-12,07:20,1010.48,8.21,70.01,2.97,257.3,242.07
2026-01-12,07:30,1010.61,9.01,71.98,3.72,273.2,260.26
2026-01-12,07:40,1012.21,9.02,67.84,2.65,271.5,336.51
2026-01-12,07:50,1012.06,8.35,67.09,3.1,190.1,333.43
2026-01-12,08:00,1011.28,8.75,75.88,4.39,243.5,363.47
2026-01-12,08:10,1012.77,10.18,71.1,3.56,222.0,413.45
2026-01-12,08:20,1012.45,9.49,63.65,2.17,253.1,449.01
2026-01-12,08:30,1012.73,9.7,68.33,2.19,239.0,434.47
2026-01-12,08:40,1011.7,9.57,65.87,3.53,264.1,466.62
2026-01-12,08:50,1012.38,10.8,66.32,3.99,248.8,491.82
2026-01-12,09:00,1011.28,12.2,64.67,2.22,201.7,536.98
2026-01-12,09:10,1013.73,10.26,68.25,3.63,224.9,567.77
2026-01-12,09:20,1010.81,11.27,64.25,4.2,249.1,556.43
2026-01-12,09:30,1013.68,12.49,62.01,4.55,251.1,606.57
2026-01-12,09:40,1011.55,11.68,65.83,3.42,213.6,600.16
2026-01-12,09:50,1010.08,12.29,62.01,3.5,210.2,630.6
2026-01-12,10:00,1012.77,11.46,60.99,1.61,249.9,628.02
2026-01-12,10:10,1011.47,12.73,61.2,4.52,213.2,657.29
2026-01-12,10:20,1012.13,12.51,59.02,2.6,206.5,671.64
2026-01-12,10:30,1012.45,13.55,58.91,2.31,236.9,682.12
2026-01-12,10:40,1011.5,13.89,56.01,2.73,235.7,702.15
2026-01-12,10:50,1010.51,15.07,54.86,3.92,225.8,695.74
2026-01-12,11:00,1012.01,13.85,53.4,4.36,230.0,706.15
2026-01-12,11:10,1010.97,13.85,51.37,2.85,247.8,729.59
2026-01-12,11:20,1011.6,13.94,52.99,3.41,229.3,746.63
2026-01-12,11:30,1008.69,13.72,55.4,2.69,248.9,735.05
2026-01-12,11:40,1011.23,14.36,56.13,1.88,237.4,744.76
2026-01-12,11:50,1010.08,14.06,54.26,3.59,251.0,749.81
2026-01-12,12:00,1012.31,14.52,45.59,2.06,268.5,751.25
2026-01-12,12:10,1011.21,15.45,60.99,3.52,267.4,729.01
2026-01-12,12:20,1010.77,13.94,58.75,3.3,278.4,728.89
2026-01-12,12:30,1010.95,15.55,55.92,2.77,266.9,726.29
2026-01-12,12:40,1009.4,15.77,61.53,3.57,251.7,752.67
2026-01-12,12:50,1011.96,14.85,49.78,3.8,234.7,729.2
2026-01-12,13:00,1012.27,13.52,61.06,2.07,235.7,720.85
2026-01-12,13:10,1010.61,14.64,49.49,1.57,223.2,710.53
2026-01-12,13:20,1011.74,16.02,54.18,0.78,245.0,679.78
2026-01-12,13:30,1009.52,15.14,48.03,3.61,262.1,707.06
2026-01-12,13:40,1009.24,14.48,53.12,1.69,226.3,676.43
2026-01-12,13:50,1010.02,14.85,54.56,2.74,243.3,664.97
2026-01-12,14:00,1010.36,15.8,52.38,1.38,227.0,619.46
2026-01-12,14:10,1009.47,15.59,55.87,2.93,248.9,633.15
2026-01-12,14:20,1010.35,15.02,53.45,1.32,229.7,601.49
2026-01-12,14:30,1010.07,14.9,51.04,0.94,224.7,570.71
2026-01-12,14:40,1008.71,14.84,50.96,1.58,225.9,554.85
2026-01-12,14:50,1010.18,14.42,56.6,1.32,255.2,529.75
2026-01-12,15:00,1010.47,16.14,50.9,2.07,240.0,507.16
2026-01-12,15:10,1009.74,14.71,57.36,1.58,231.4,499.89
2026-01-12,15:20,1010.67,15.7,58.8,2.02,248.3,470.2
2026-01-12,15:30,1008.26,15.82,47.47,1.34,231.2,453.64
2026-01-12,15:40,1009.91,15.35,58.94,1.05,269.4,443.68
2026-01-12,15:50,1008.23,14.23,62.94,1.08,216.6,395.15
2026-01-12,16:00,1008.25,14.69,56.02,2.89,235.9,342.16
2026-01-12,16:10,1008.7,14.26,57.75,1.59,205.2,337.9
2026-01-12,16:20,1008.35,13.5,59.86,0.02,231.3,326.19
2026-01-12,16:30,1008.72,14.2,55.0,1.03,197.7,281.32
2026-01-12,16:40,1009.02,12.98,57.24,1.44,258.0,270.65
2026-01-12,16:50,1010.05,14.47,51.68,2.65,258.2,227.22
2026-01-12,17:00,1008.87,13.13,57.95,2.06,258.3,168.8
2026-01-12,17:10,1007.58,13.41,59.86,0.68,239.1,160.89
2026-01-12,17:20,1010.29,13.27,60.42,3.01,216.0,131.57
2026-01-12,17:30,1008.3,12.69,63.13,1.29,217.7,109.17
2026-01-12,17:40,1009.06,13.07,56.3,2.18,275.6,86.06
2026-01-12,17:50,1009.55,12.11,57.81,0.49,272.9,43.03
2026-01-12,18:00,1009.3,12.83,68.08,0.38,239.7,5.29
2026-01-12,18:10,1010.18,11.05,60.47,0.32,223.4,8.11
2026-01-12,18:20,1009.56,11.84,62.46,0.97,270.1,0.0
2026-01-12,18:30,1008.22,12.87,61.99,2.79,218.2,0.0
2026-01-12,18:40,1011.26,10.57,59.58,1.47,240.9,0.5
2026-01-12,18:50,1009.28,10.55,69.98,0.68,268.6,4.38
2026-01-12,19:00,1008.94,11.13,62.01,1.66,213.5,0.0
2026-01-12,19:10,1010.06,10.65,60.24,1.49,254.7,15.92
2026-01-12,19:20,1009.36,10.51,63.59,1.81,246.6,12.06
2026-01-12,19:30,1009.52,10.35,58.04,2.24,232.2,0.0
2026-01-12,19:40,1011.63,10.19,64.09,1.21,208.0,16.39
2026-01-12,19:50,1008.87,10.26,63.47,0.82,214.3,0.0
2026-01-12,20:00,1008.85,9.51,70.47,2.04,239.3,0.0
2026-01-12,20:10,1009.31,8.79,65.96,2.05,196.0,12.95
2026-01-12,20:20,1010.28,9.17,72.86,1.59,234.5,0.0
2026-01-12,20:30,1007.73,9.77,75.55,3.07,244.3,22.79
2026-01-12,20:40,1007.3,8.09,73.73,1.27,255.0,0.0
2026-01-12,20:50,1008.7,7.25,70.39,0.99,195.0,0.0
2026-01-12,21:00,1007.69,8.45,72.45,1.94,262.4,0.0
2026-01-12,21:10,1008.93,7.34,66.41,1.22,271.4,9.47
2026-01-12,21:20,1009.89,5.66,72.6,2.08,238.9,0.0
2026-01-12,21:30,1008.53,7.53,70.3,1.19,202.2,0.0
2026-01-12,21:40,1008.03,6.32,77.12,1.53,219.5,2.75
2026-01-12,21:50,1009.56,6.4,85.22,3.18,226.1,0.0
2026-01-12,22:00,1010.4,6.46,77.5,1.62,233.6,3.68
2026-01-12,22:10,1007.88,6.14,68.09,1.39,226.9,0.0
2026-01-12,22:20,1010.44,6.29,75.16,2.81,233.0,5.93
2026-01-12,22:30,1010.48,5.28,77.62,1.31,223.2,0.0
2026-01-12,22:40,1010.66,5.74,77.99,1.6,231.6,15.58
2026-01-12,22:50,1010.96,5.0,75.21,2.54,213.0,0.0
2026-01-12,23:00,1011.99,5.51,79.59,2.85,215.6,9.16
2026-01-12,23:10,1009.48,5.24,74.09,3.09,209.2,11.52
2026-01-12,23:20,1009.99,3.99,75.71,1.77,271.0,0.0
2026-01-12,23:30,1009.52,5.24,82.48,2.76,259.2,10.59
2026-01-12,23:40,1009.98,3.95,76.22,2.07,236.0,0.0
2026-01-12,23:50,1011.56,4.74,82.8,2.02,254.8,0.0
2026-01-13,00:00,1008.73,4.3,75.51,3.34,241.1,23.57
2026-01-13,00:10,1009.26,5.2,88.36,2.17,225.2,13.34
2026-01-13,00:20,1011.55,3.65,78.5,2.8,182.5,24.88
2026-01-13,00:30,1011.24,3.45,80.96,2.77,213.1,0.0
2026-01-13,00:40,1009.9,3.59,83.42,1.96,210.8,1.23
2026-01-13,00:50,1011.17,3.31,80.04,3.44,190.3,6.33
2026-01-13,01:00,1010.7,4.01,83.06,3.2,181.0,0.0
2026-01-13,01:10,1011.91,2.26,84.95,1.47,229.9,0.0
2026-01-13,01:20,1010.53,2.6,86.61,3.1,225.2,0.0
2026-01-13,01:30,1011.53,2.55,86.04,2.42,187.4,2.57
2026-01-13,01:40,1013.19,3.93,82.26,3.78,197.4,0.0
2026-01-13,01:50,1011.19,4.45,82.4,2.04,244.6,0.0
2026-01-13,02:00,1010.68,3.18,92.4,2.85,193.1,4.72
2026-01-13,02:10,1011.4,3.14,86.79,3.4,218.7,0.0
2026-01-13,02:20,1010.35,3.32,79.26,3.23,209.2,11.25
2026-01-13,02:30,1013.14,4.12,83.27,3.76,226.1,0.0
2026-01-13,02:40,1010.97,2.69,81.43,2.21,191.5,0.0
2026-01-13,02:50,1010.56,3.56,82.1,4.47,214.6,5.08
2026-01-13,03:00,1010.03,4.14,77.57,3.72,216.0,0.0
2026-01-13,03:10,1012.0,3.88,80.66,4.34,217.0,0.0
2026-01-13,03:20,1011.8,3.75,89.34,4.03,212.7,0.0
2026-01-13,03:30,1010.47,4.41,84.17,3.44,218.8,0.0
2026-01-13,03:40,1011.57,1.93,71.63,2.58,264.4,21.27
2026-01-13,03:50,1009.51,4.41,86.17,3.12,273.1,0.0
2026-01-13,04:00,1011.23,3.6,85.35,4.65,192.5,15.55
2026-01-13,04:10,1011.52,2.92,79.21,4.53,150.0,8.85
2026-01-13,04:20,1012.8,4.7,83.16,3.15,222.2,18.8
2026-01-13,04:30,1010.34,5.46,76.46,1.64,211.4,37.64
2026-01-13,04:40,1009.85,4.57,77.61,3.48,232.7,17.18
2026-01-13,04:50,1010.25,5.51,85.05,3.44,212.8,11.11
2026-01-13,05:00,1009.82,6.15,77.52,3.48,206.6,0.0
2026-01-13,05:10,1012.51,6.13,70.65,4.04,232.7,0.0
2026-01-13,05:20,1012.73,6.56,77.39,4.3,235.7,4.32
2026-01-13,05:30,1011.51,6.13,76.82,4.38,168.7,0.0
2026-01-13,05:40,1012.42,5.88,81.4,4.01,182.4,7.39
2026-01-13,05:50,1011.33,4.92,76.12,2.44,199.6,0.0
2026-01-13,06:00,1011.1,6.1,73.81,3.46,204.1,13.83
2026-01-13,06:10,1010.87,5.91,79.11,5.31,195.4,27.83
2026-01-13,06:20,1010.89,8.26,74.82,3.96,211.3,64.83
2026-01-13,06:30,1009.64,6.85,70.74,3.95,224.8,85.82
2026-01-13,06:40,1011.45,7.31,77.75,3.93,242.4,103.31
2026-01-13,06:50,1011.13,7.86,73.29,3.96,213.2,171.95
2026-01-13,07:00,1011.91,7.75,71.89,1.99,176.8,203.9
2026-01-13,07:10,1011.24,9.16,71.96,3.48,193.8,214.01
2026-01-13,07:20,1010.97,7.8,66.32,3.6,195.1,256.11
2026-01-13,07:30,1010.24,8.63,67.85,4.51,209.2,272.92
2026-01-13,07:40,1011.17,8.24,69.32,3.62,205.5,309.98
2026-01-13,07:50,1011.81,8.09,67.88,2.41,246.4,343.94
2026-01-13,08:00,1009.9,8.85,73.09,3.84,183.0,369.16
2026-01-13,08:10,1011.11,9.52,68.22,2.95,203.6,405.56
2026-01-13,08:20,1011.23,9.51,70.11,2.63,252.2,421.9
2026-01-13,08:30,1010.25,9.58,66.08,2.87,178.1,441.43
2026-01-13,08:40,1010.35,9.34,69.62,3.8,195.8,456.51
2026-01-13,08:50,1011.13,10.53,66.34,4.27,167.9,483.57
2026-01-13,09:00,1009.73,9.79,64.17,3.69,193.0,521.76
2026-01-13,09:10,1011.18,11.62,63.44,3.75,170.8,515.76
2026-01-13,09:20,1009.9,11.4,59.05,3.6,215.9,567.76
2026-01-13,09:30,1011.82,10.57,64.29,3.3,192.8,570.77
2026-01-13,09:40,1013.05,11.61,61.5,3.68,165.1,582.87
2026-01-13,09:50,1009.81,11.54,59.07,1.45,208.9,596.93
2026-01-13,10:00,1011.17,12.52,64.93,3.18,191.8,634.45
2026-01-13,10:10,1009.86,13.46,54.94,2.32,210.5,641.23
2026-01-13,10:20,1011.59,11.42,57.71,3.82,157.4,674.3
2026-01-13,10:30,1009.24,13.03,62.98,2.86,194.7,652.64
2026-01-13,10:40,1010.94,13.04,59.62,2.93,204.2,672.15
2026-01-13,10:50,1009.54,13.82,57.67,1.81,173.7,687.98
2026-01-13,11:00,1010.16,13.69,58.4,3.52,152.2,688.75
2026-01-13,11:10,1009.28,13.2,57.66,3.2,182.0,705.19
2026-01-13,11:20,1011.09,13.68,50.44,3.1,213.1,714.95
2026-01-13,11:30,1009.38,13.51,54.7,2.09,210.0,721.58
2026-01-13,11:40,1010.72,14.97,62.18,2.06,170.5,737.12
2026-01-13,11:50,1009.78,14.38,52.71,2.71,148.5,705.32
2026-01-13,12:00,1009.96,15.83,53.74,2.01,169.2,725.55
2026-01-13,12:10,1010.17,14.59,52.53,2.75,167.7,712.9
2026-01-13,12:20,1009.22,14.25,54.06,0.88,189.9,723.62
2026-01-13,12:30,1010.14,13.79,51.81,2.0,175.5,720.06
2026-01-13,12:40,1011.41,13.69,55.85,3.55,158.7,698.11
2026-01-13,12:50,1009.06,13.93,54.48,2.55,204.6,692.86
2026-01-13,13:00,1010.96,15.3,56.61,2.31,179.8,702.2
2026-01-13,13:10,1011.24,15.53,49.15,3.53,186.6,687.4
2026-01-13,13:20,1008.89,14.12,51.87,0.45,132.0,674.24
2026-01-13,13:30,1008.2,15.89,52.23,1.47,113.9,673.24
2026-01-13,13:40,1009.92,14.96,54.88,1.71,138.0,661.34
2026-01-13,13:50,1009.03,15.42,49.84,2.55,161.3,632.18
2026-01-13,14:00,1011.4,16.45,56.66,2.51,187.1,613.07
2026-01-13,14:10,1009.53,15.94,57.76,1.25,113.5,591.74
2026-01-13,14:20,1008.65,15.11,49.1,2.51,211.3,589.72
2026-01-13,14:30,1008.27,14.65,51.16,1.49,175.1,553.56
2026-01-13,14:40,1010.47,13.73,51.1,2.58,204.3,552.08
2026-01-13,14:50,1008.78,14.68,63.89,0.97,147.5,544.69
2026-01-13,15:00,1009.36,14.98,51.79,1.57,181.6,504.05
2026-01-13,15:10,1010.25,14.36,60.4,1.27,170.6,479.1
2026-01-13,15:20,1008.78,14.88,48.84,2.32,188.3,485.84
2026-01-13,15:30,1009.19,14.93,50.18,1.18,161.4,455.44
2026-01-13,15:40,1009.19,14.61,51.66,1.49,178.5,402.78
2026-01-13,15:50,1009.87,14.2,51.31,1.84,193.6,387.49
2026-01-13,16:00,1009.76,14.65,53.94,1.84,149.2,362.91
2026-01-13,16:10,1008.93,14.71,52.51,2.06,170.9,333.88
2026-01-13,16:20,1009.2,13.49,52.44,1.56,117.1,325.06
2026-01-13,16:30,1008.75,15.09,60.73,1.1,181.2,275.61
2026-01-13,16:40,1007.63,13.87,61.4,1.13,211.9,248.19
2026-01-13,16:50,1009.36,13.78,60.74,1.37,131.4,223.92
2026-01-13,17:00,1010.98,14.08,59.49,1.52,159.6,199.86
2026-01-13,17:10,1008.2,13.56,58.24,1.23,183.3,166.4
2026-01-13,17:20,1008.31,13.87,56.37,1.33,161.5,130.91
2026-01-13,17:30,1008.21,13.2,55.06,0.25,164.2,74.83
2026-01-13,17:40,1009.81,12.36,60.85,1.77,149.8,56.58
2026-01-13,17:50,1009.54,12.83,55.25,1.43,148.2,41.08
2026-01-13,18:00,1008.94,11.55,56.52,2.0,156.2,3.0
2026-01-13,18:10,1008.19,12.2,65.69,1.3,158.8,9.91
2026-01-13,18:20,1009.21,11.87,69.26,0.09,127.7,22.65
2026-01-13,18:30,1007.57,11.51,63.83,1.06,155.0,0.0
2026-01-13,18:40,1009.29,11.32,67.3,1.18,195.3,13.65
2026-01-13,18:50,1010.04,9.85,62.51,1.85,145.0,0.0
2026-01-13,19:00,1007.94,10.53,58.77,0.11,124.0,11.22
2026-01-13,19:10,1007.68,10.73,67.2,1.38,150.6,0.0
2026-01-13,19:20,1010.82,10.52,67.67,1.73,135.9,25.52
2026-01-13,19:30,1008.65,9.43,66.33,0.93,119.8,1.56
2026-01-13,19:40,1010.43,10.78,65.72,1.46,156.1,0.0
2026-01-13,19:50,1009.17,9.02,71.19,1.0,134.3,5.04
2026-01-13,20:00,1009.2,10.05,64.06,0.95,135.9,3.89
2026-01-13,20:10,1009.84,9.41,65.56,1.2,154.8,13.66
2026-01-13,20:20,1008.55,8.4,65.27,1.02,112.1,5.38
2026-01-13,20:30,1009.61,9.83,70.3,2.03,106.3,29.7
2026-01-13,20:40,1009.14,7.5,66.25,1.07,166.1,0.0
2026-01-13,20:50,1008.24,8.72,68.51,0.98,100.5,0.0
2026-01-13,21:00,1009.95,8.53,69.06,2.89,123.8,0.0
2026-01-13,21:10,1009.4,7.11,71.47,2.36,102.7,1.03
2026-01-13,21:20,1009.55,8.3,67.18,0.43,135.0,2.77
2026-01-13,21:30,1008.55,6.91,74.09,1.23,157.3,3.37
2026-01-13,21:40,1011.4,7.05,79.33,1.98,148.9,0.81
2026-01-13,21:50,1010.74,6.8,75.47,2.08,205.3,0.0
2026-01-13,22:00,1010.89,6.29,81.67,0.86,172.2,0.0
2026-01-13,22:10,1009.67,6.73,81.4,2.76,121.2,0.0
2026-01-13,22:20,1008.31,6.5,79.71,2.57,114.0,13.7
2026-01-13,22:30,1012.05,4.52,77.43,2.38,211.1,16.28
2026-01-13,22:40,1010.09,6.45,77.73,3.04,169.5,0.0
2026-01-13,22:50,1009.47,4.18,81.19,2.46,157.1,0.0
2026-01-13,23:00,1010.69,5.88,77.04,2.5,143.7,0.0
2026-01-13,23:10,1011.5,5.76,71.53,3.33,148.2,25.1
2026-01-13,23:20,1010.38,4.04,81.46,3.06,103.8,11.99
2026-01-13,23:30,1011.74,4.35,75.38,1.75,144.3,6.61
2026-01-13,23:40,1011.61,3.71,76.44,2.84,141.6,11.55
2026-01-13,23:50,1009.51,4.19,80.65,1.98,116.7,18.49
2026-01-14,00:00,1009.98,3.99,80.61,2.85,125.4,0.0
2026-01-14,00:10,1011.68,4.63,75.66,2.89,176.2,0.0
2026-01-14,00:20,1008.07,4.89,82.26,1.64,134.7,0.0
2026-01-14,00:30,1010.7,4.84,85.72,2.57,189.2,7.05
2026-01-14,00:40,1009.48,3.38,77.58,2.89,93.4,1.92
2026-01-14,00:50,1010.5,3.54,87.4,2.45,123.4,9.08
2026-01-14,01:00,1010.74,2.44,76.25,3.03,97.3,0.0
2026-01-14,01:10,1010.74,2.99,91.11,3.42,105.2,16.46
2026-01-14,01:20,1010.61,4.18,81.13,2.89,114.3,0.0
2026-01-14,01:30,1010.13,4.6,83.45,3.12,142.4,8.33
2026-01-14,01:40,1013.57,2.58,75.37,3.98,140.7,14.34
2026-01-14,01:50,1013.21,3.01,82.74,3.39,116.6,13.38
2026-01-14,02:00,1010.24,3.41,83.91,3.24,77.5,4.33
2026-01-14,02:10,1013.04,3.63,82.64,2.47,169.7,9.83
2026-01-14,02:20,1011.12,2.88,80.69,3.66,125.1,20.9
2026-01-14,02:30,1011.7,3.78,79.09,3.46,103.9,6.16
2026-01-14,02:40,1011.56,3.19,87.29,4.17,138.2,0.0
2026-01-14,02:50,1011.02,3.56,82.77,3.34,136.0,7.0
2026-01-14,03:00,1012.71,4.02,88.65,2.08,122.4,0.0
2026-01-14,03:10,1011.9,3.72,80.2,2.19,133.8,0.0
2026-01-14,03:20,1011.35,3.49,80.36,3.93,100.8,5.54
2026-01-14,03:30,1010.57,3.82,85.12,3.05,148.2,1.4
2026-01-14,03:40,1011.02,3.94,75.1,3.79,103.9,13.88
2026-01-14,03:50,1010.32,3.86,76.45,3.59,113.3,0.0
2026-01-14,04:00,1012.01,4.07,85.38,3.42,144.2,0.0
2026-01-14,04:10,1010.84,5.5,75.96,3.5,157.7,2.02
2026-01-14,04:20,1011.81,4.93,73.01,2.98,166.8,4.56
2026-01-14,04:30,1013.48,4.48,87.37,3.6,153.2,1.13
2026-01-14,04:40,1013.34,5.34,73.92,3.22,118.3,0.25
2026-01-14,04:50,1012.14,4.8,79.8,3.38,87.5,0.0
2026-01-14,05:00,1012.12,6.03,78.88,3.43,160.7,0.0
2026-01-14,05:10,1014.11,5.66,66.89,3.51,159.5,0.0
2026-01-14,05:20,1012.77,5.53,76.57,4.33,108.0,12.87
2026-01-14,05:30,1011.95,6.12,78.93,3.6,147.5,4.55
2026-01-14,05:40,1010.87,4.92,78.02,4.41,115.8,0.0
2026-01-14,05:50,1012.71,5.45,79.67,4.78,161.3,20.69
2026-01-14,06:00,1013.16,5.63,73.95,4.3,110.5,0.0
2026-01-14,06:10,1011.71,6.8,77.78,4.07,172.5,37.44
2026-01-14,06:20,1012.65,8.15,71.58,3.92,142.3,59.41
2026-01-14,06:30,1012.0,8.74,68.1,4.3,167.2,111.52
2026-01-14,06:40,1012.19,7.87,67.94,3.74,110.4,123.34
2026-01-14,06:50,1009.89,8.02,66.66,4.36,131.8,153.8
2026-01-14,07:00,1012.16,6.66,75.92,4.09,97.1,180.52
2026-01-14,07:10,1013.35,7.8,65.19,3.39,142.1,214.0
2026-01-14,07:20,1011.74,7.89,71.7,4.25,143.1,255.06
2026-01-14,07:30,1012.43,8.26,68.89,3.67,180.2,279.37
2026-01-14,07:40,1011.61,8.84,68.9,3.51,132.0,297.58
2026-01-14,07:50,1012.72,8.89,74.11,3.23,137.8,345.11
2026-01-14,08:00,1012.13,8.1,66.25,3.66,107.6,361.98
2026-01-14,08:10,1011.4,10.27,69.79,4.21,132.6,372.39
2026-01-14,08:20,1013.66,9.26,66.84,4.11,109.3,386.49
2026-01-14,08:30,1013.24,10.44,65.43,3.7,121.4,422.7
2026-01-14,08:40,1011.69,11.99,74.6,3.84,122.6,456.44
2026-01-14,08:50,1012.77,10.15,58.99,4.27,109.1,481.58
2026-01-14,09:00,1012.79,9.28,69.27,3.24,119.2,512.74
2026-01-14,09:10,1012.87,11.1,66.12,2.53,108.0,504.36
2026-01-14,09:20,1010.51,12.32,60.95,4.18,107.6,532.29
2026-01-14,09:30,1013.19,13.17,68.78,2.86,143.7,542.46
2026-01-14,09:40,1011.59,11.18,54.27,2.71,120.9,558.5
2026-01-14,09:50,1011.77,12.62,58.99,1.89,125.0,583.9
2026-01-14,10:00,1014.74,12.18,55.67,3.5,79.6,611.56
2026-01-14,10:10,1012.37,12.66,61.59,1.92,126.4,630.99
2026-01-14,10:20,1011.65,14.8,54.94,2.48,128.8,623.73
2026-01-14,10:30,1009.8,12.11,60.6,3.37,105.4,637.57
2026-01-14,10:40,1013.37,13.55,57.61,3.42,167.2,636.85
2026-01-14,10:50,1010.6,13.9,55.95,2.4,57.6,670.45
2026-01-14,11:00,1010.91,14.52,58.95,2.72,134.3,667.48
2026-01-14,11:10,1011.54,14.01,55.87,2.15,132.3,703.33
2026-01-14,11:20,1013.26,14.33,52.15,2.32,127.8,694.09
2026-01-14,11:30,1012.58,14.01,67.31,2.84,118.4,691.6
2026-01-14,11:40,1011.61,14.63,53.76,2.25,127.6,689.12
2026-01-14,11:50,1012.04,14.35,46.48,2.38,135.3,680.72
2026-01-14,12:00,1011.1,15.16,51.64,1.47,95.3,682.74
2026-01-14,12:10,1011.8,14.59,49.63,3.24,120.7,690.86
2026-01-14,12:20,1011.7,15.24,57.71,2.75,108.5,687.79
2026-01-14,12:30,1012.56,15.06,55.43,2.9,85.5,680.7
2026-01-14,12:40,1012.52,15.96,55.5,3.19,130.6,692.42
2026-01-14,12:50,1012.02,15.23,52.21,1.66,98.4,687.96
2026-01-14,13:00,1011.13,14.1,52.39,1.94,74.9,668.89
2026-01-14,13:10,1012.2,16.28,51.87,0.81,98.8,688.94
2026-01-14,13:20,1011.33,14.82,52.9,4.29,92.1,634.81
2026-01-14,13:30,1010.31,15.04,56.47,1.94,137.6,645.28
2026-01-14,13:40,1010.96,15.11,54.4,2.72,115.6,629.56
2026-01-14,13:50,1011.42,16.51,55.01,1.08,146.2,611.97
2026-01-14,14:00,1012.21,14.06,55.0,2.6,94.9,595.43
2026-01-14,14:10,1011.09,17.75,56.55,3.16,133.3,587.8
2026-01-14,14:20,1010.04,16.27,54.21,1.77,182.3,568.15
2026-01-14,14:30,1011.28,15.66,54.56,1.06,120.1,548.04
2026-01-14,14:40,1011.32,15.43,57.98,1.63,132.6,518.01
2026-01-14,14:50,1011.37,15.62,50.7,0.13,128.3,494.02
2026-01-14,15:00,1012.08,15.72,50.09,1.62,75.3,488.85
2026-01-14,15:10,1012.16,15.74,48.95,2.19,125.4,465.43
2026-01-14,15:20,1010.53,15.6,54.64,1.56,118.3,444.95
2026-01-14,15:30,1010.49,15.18,46.73,1.35,104.1,422.24
2026-01-14,15:40,1010.06,14.87,56.25,1.89,88.4,392.7
2026-01-14,15:50,1011.78,14.79,54.26,1.91,127.8,371.1
2026-01-14,16:00,1012.53,14.64,59.55,0.3,86.1,337.38
2026-01-14,16:10,1010.75,15.43,52.66,1.5,163.7,339.24
2026-01-14,16:20,1010.82,14.91,54.9,3.12,113.1,284.09
2026-01-14,16:30,1012.53,12.28,60.59,0.46,79.6,261.42
2026-01-14,16:40,1011.57,14.64,62.04,1.31,97.3,228.88
2026-01-14,16:50,1011.5,14.15,54.22,2.71,103.2,199.93
2026-01-14,17:00,1009.87,13.82,58.12,2.11,170.4,179.99
2026-01-14,17:10,1011.75,13.37,59.04,0.97,88.0,149.0
2026-01-14,17:20,1010.15,14.24,59.85,1.46,107.1,114.99
2026-01-14,17:30,1009.95,13.91,57.82,1.31,96.6,87.15
2026-01-14,17:40,1010.75,12.5,64.52,0.78,122.5,51.81
2026-01-14,17:50,1010.53,13.11,52.38,1.25,97.0,35.07
2026-01-14,18:00,1010.91,11.92,58.82,1.1,81.5,24.66
2026-01-14,18:10,1009.71,11.41,62.87,1.38,105.1,0.0
2026-01-14,18:20,1012.13,11.7,63.49,0.78,102.5,4.73
2026-01-14,18:30,1012.33,12.51,67.67,0.42,95.2,0.54
2026-01-14,18:40,1009.28,12.33,67.66,1.29,96.6,8.02
2026-01-14,18:50,1012.23,11.77,62.35,2.53,139.7,8.36
2026-01-14,19:00,1010.47,11.67,69.32,1.4,102.1,2.46
2026-01-14,19:10,1012.17,11.27,61.9,1.12,81.8,0.0
2026-01-14,19:20,1011.28,10.21,69.12,1.9,98.6,0.0
2026-01-14,19:30,1011.42,10.7,73.28,1.28,111.6,0.0
2026-01-14,19:40,1011.24,10.7,71.55,2.72,76.9,0.0
2026-01-14,19:50,1012.68,10.41,67.77,1.43,151.0,0.0
2026-01-14,20:00,1010.27,10.46,66.67,1.95,132.1,0.0
2026-01-14,20:10,1012.17,9.86,62.54,0.96,146.2,13.28
2026-01-14,20:20,1012.71,9.35,70.55,1.87,120.3,1.18
2026-01-14,20:30,1012.37,9.6,65.5,1.74,58.3,10.71
2026-01-14,20:40,1014.03,8.57,67.43,1.54,149.1,17.64
2026-01-14,20:50,1011.23,7.72,66.48,1.26,89.2,0.0
2026-01-14,21:00,1012.77,7.97,70.04,1.2,91.3,2.49
2026-01-14,21:10,1011.77,7.31,72.4,1.89,114.9,0.0
2026-01-14,21:20,1013.16,7.12,74.22,2.17,400.0,0.0
2026-01-14,21:30,1011.98,7.25,71.34,1.68,137.5,0.0
2026-01-14,21:40,1011.66,6.55,78.62,2.01,133.9,10.12
2026-01-14,21:50,1013.42,6.66,74.09,1.83,103.6,2.5
2026-01-14,22:00,1011.68,5.32,72.35,1.97,103.3,22.16
2026-01-14,22:10,1010.83,6.58,76.96,1.81,120.3,11.66
2026-01-14,22:20,1011.79,6.21,84.46,2.01,108.5,0.0
2026-01-14,22:30,1012.99,5.43,78.47,3.93,134.2,10.08
2026-01-14,22:40,1013.83,6.26,76.19,2.31,132.8,0.0
2026-01-14,22:50,1012.62,6.26,72.02,2.59,127.0,14.6
2026-01-14,23:00,1013.9,4.29,77.73,2.5,49.2,0.0
2026-01-14,23:10,1011.29,4.71,80.0,2.06,115.7,0.0
2026-01-14,23:20,1012.27,4.53,77.94,3.2,110.0,0.0
2026-01-14,23:30,1012.5,4.25,73.24,2.14,117.1,0.0
2026-01-14,23:40,1012.74,5.34,76.89,3.13,94.2,0.0
2026-01-14,23:50,1013.01,4.48,86.47,2.21,80.1,0.0
2026-01-15,00:00,1013.69,4.29,86.73,1.83,125.0,10.28
2026-01-15,00:10,1012.63,2.95,77.76,2.81,104.7,21.55
2026-01-15,00:20,1013.28,4.69,84.29,1.83,128.2,0.0
2026-01-15,00:30,1013.17,3.27,77.14,3.03,97.2,15.16
2026-01-15,00:40,1012.36,4.09,87.71,1.87,149.6,0.0
2026-01-15,00:50,1013.24,4.16,83.29,2.54,139.5,4.17
2026-01-15,01:00,1013.28,4.84,86.29,1.81,122.1,0.0
2026-01-15,01:10,1013.33,2.92,75.78,4.84,109.5,6.29
2026-01-15,01:20,1013.59,1.67,85.48,1.75,136.4,0.0
2026-01-15,01:30,1013.7,3.87,82.84,2.97,125.1,3.77
2026-01-15,01:40,1013.26,4.98,86.35,3.81,121.5,3.09
2026-01-15,01:50,1015.03,4.57,86.65,3.78,141.9,2.29
2026-01-15,02:00,1012.65,3.85,83.26,3.7,151.7,0.0
2026-01-15,02:10,1013.17,3.36,80.58,2.92,85.0,6.59
2026-01-15,02:20,1016.73,4.29,86.06,4.13,90.3,4.69
2026-01-15,02:30,1012.97,3.08,82.63,3.87,97.3,0.0
2026-01-15,02:40,1012.72,4.13,79.28,3.42,79.5,8.06
2026-01-15,02:50,1014.86,4.21,78.96,3.48,115.8,0.0
2026-01-15,03:00,1012.11,4.66,76.58,3.14,132.6,6.35
2026-01-15,03:10,1014.0,5.92,80.26,2.75,117.4,0.0
2026-01-15,03:20,1016.44,4.35,86.51,4.29,104.8,2.6
2026-01-15,03:30,1012.8,3.82,82.57,4.37,146.6,6.9
2026-01-15,03:40,1012.41,4.27,79.48,2.86,122.3,0.0
2026-01-15,03:50,1012.94,3.16,84.52,3.4,127.6,0.0
2026-01-15,04:00,1015.38,4.04,77.66,3.44,148.2,3.31
2026-01-15,04:10,1015.65,4.38,81.03,3.54,116.6,14.27
2026-01-15,04:20,1014.06,4.45,79.57,3.63,171.5,3.59
2026-01-15,04:30,1015.29,5.08,83.02,4.27,109.1,3.82
2026-01-15,04:40,1016.04,4.56,73.18,3.1,170.6,0.0
2026-01-15,04:50,1016.47,6.1,75.66,3.05,96.6,8.87
2026-01-15,05:00,1014.47,5.5,72.05,4.52,134.2,0.0
2026-01-15,05:10,1012.45,5.68,77.1,3.35,105.6,0.0
2026-01-15,05:20,1013.96,5.66,82.49,2.8,150.0,13.26
2026-01-15,05:30,1014.38,6.2,75.11,3.35,110.4,0.0
2026-01-15,05:40,1014.57,6.88,74.56,3.46,129.9,10.67
2026-01-15,05:50,1014.66,5.92,79.55,4.79,106.7,13.27
2026-01-15,06:00,1015.99,6.29,79.77,4.35,146.8,6.8
2026-01-15,06:10,1016.16,6.77,74.57,4.5,107.3,14.72
2026-01-15,06:20,1014.73,6.28,77.08,4.27,166.2,59.68
2026-01-15,06:30,1016.01,6.89,69.43,4.35,99.6,86.44
2026-01-15,06:40,1015.28,7.38,78.64,3.2,91.2,112.24
2026-01-15,06:50,1014.99,8.57,81.11,3.53,149.0,148.99
2026-01-15,07:00,1015.84,8.4,73.97,2.97,110.8,185.3
2026-01-15,07:10,1015.01,8.61,62.91,3.5,125.8,199.02
2026-01-15,07:20,1017.0,9.32,68.37,4.11,118.3,230.5
2026-01-15,07:30,1013.5,8.89,72.41,3.7,94.0,257.25
2026-01-15,07:40,1014.42,9.53,67.62,4.51,125.2,301.19
2026-01-15,07:50,1014.8,9.44,73.74,2.77,159.2,310.65
2026-01-15,08:00,1015.36,9.97,70.35,3.89,153.1,324.83
2026-01-15,08:10,1016.18,9.64,64.52,2.64,134.2,346.01
2026-01-15,08:20,1014.88,8.6,66.82,3.55,156.6,393.78
2026-01-15,08:30,1013.47,10.48,62.47,3.97,102.7,404.09
2026-01-15,08:40,1015.72,11.83,64.66,3.27,121.5,444.23
2026-01-15,08:50,1015.61,11.74,62.54,3.77,140.0,442.37
2026-01-15,09:00,1012.9,12.02,68.82,2.68,127.2,473.14
2026-01-15,09:10,1014.82,12.46,71.95,2.15,124.8,483.98
2026-01-15,09:20,1013.21,11.91,57.14,3.66,101.4,524.54
2026-01-15,09:30,1014.11,12.23,54.57,4.45,79.8,545.49
2026-01-15,09:40,1013.85,11.91,60.68,2.49,152.7,559.12
2026-01-15,09:50,1015.53,12.35,55.0,4.0,138.8,558.31
2026-01-15,10:00,1014.81,13.24,60.68,3.13,155.7,577.57
2026-01-15,10:10,1013.38,13.88,62.94,2.12,122.7,603.4
2026-01-15,10:20,1015.52,13.15,65.37,2.22,116.3,593.25
2026-01-15,10:30,1013.17,13.15,59.67,2.97,134.7,622.34
2026-01-15,10:40,1014.91,13.67,57.59,2.63,156.4,653.98
2026-01-15,10:50,1013.73,14.29,49.95,1.94,129.7,642.95
2026-01-15,11:00,1014.14,13.05,57.5,1.62,156.0,635.34
2026-01-15,11:10,1014.98,12.64,57.23,2.17,111.3,652.76
2026-01-15,11:20,1014.96,14.04,59.07,2.84,132.9,658.07
2026-01-15,11:30,1015.74,13.73,53.27,2.65,135.6,695.64
2026-01-15,11:40,1014.29,14.39,53.97,2.25,168.5,692.99
2026-01-15,11:50,1014.64,14.79,49.44,2.69,143.6,683.53
2026-01-15,12:00,1013.86,14.71,45.84,3.23,182.5,671.11
2026-01-15,12:10,1014.45,16.17,50.26,2.72,105.7,688.83
2026-01-15,12:20,1014.67,15.5,48.12,2.31,143.1,658.72
2026-01-15,12:30,1014.1,15.59,55.49,2.99,144.8,681.87
2026-01-15,12:40,1012.36,15.92,51.83,1.62,156.4,675.44
2026-01-15,12:50,1014.46,14.77,51.54,2.08,121.0,656.58
2026-01-15,13:00,1014.46,16.37,49.57,2.05,184.0,664.91
2026-01-15,13:10,1013.38,15.65,40.43,1.27,142.7,637.48
2026-01-15,13:20,1012.74,16.23,59.26,1.8,115.7,618.05
2026-01-15,13:30,1015.47,15.05,49.13,0.59,143.0,634.16
2026-01-15,13:40,1014.45,14.75,51.41,3.33,136.1,609.41
2026-01-15,13:50,1013.7,16.43,47.19,1.29,214.1,604.5
2026-01-15,14:00,1012.76,16.12,56.89,3.01,171.2,604.86
2026-01-15,14:10,1013.05,15.23,53.59,1.88,146.8,558.96
2026-01-15,14:20,1015.15,15.23,49.75,2.21,143.3,549.45
2026-01-15,14:30,1013.96,16.6,51.56,1.43,170.4,552.52
2026-01-15,14:40,1013.24,14.95,59.94,1.87,172.1,523.2
2026-01-15,14:50,1014.28,16.88,53.06,2.14,74.9,487.31
2026-01-15,15:00,1012.93,15.04,52.78,2.12,164.3,463.84
2026-01-15,15:10,1015.23,16.05,49.93,2.16,149.5,447.67
2026-01-15,15:20,1015.06,15.29,46.33,1.32,116.5,422.99
2026-01-15,15:30,1013.22,15.85,53.5,1.21,171.9,411.74
2026-01-15,15:40,1013.05,14.94,55.71,0.4,206.6,386.1
2026-01-15,15:50,1011.04,15.09,59.09,1.85,164.9,364.06
2026-01-15,16:00,1012.17,15.11,46.02,2.22,179.0,325.49
2026-01-15,16:10,1012.3,14.25,50.85,2.57,197.2,308.98
2026-01-15,16:20,1013.77,15.33,53.39,1.63,131.9,258.83
2026-01-15,16:30,1013.3,14.3,56.09,0.85,106.8,258.39
2026-01-15,16:40,1012.28,14.33,55.93,0.18,170.2,243.42
2026-01-15,16:50,1013.34,13.63,56.45,2.08,148.2,184.47
2026-01-15,17:00,1014.13,12.35,59.03,0.08,120.6,179.25
2026-01-15,17:10,1014.15,13.82,54.25,1.09,153.5,137.68
2026-01-15,17:20,1011.73,15.45,62.09,1.16,174.2,125.94
2026-01-15,17:30,1013.51,14.11,60.6,1.26,152.9,89.31
2026-01-15,17:40,1012.26,13.34,58.12,1.33,137.5,63.2
2026-01-15,17:50,1014.56,12.95,66.34,1.4,152.2,29.97
2026-01-15,18:00,1014.45,12.93,66.73,0.39,157.9,15.94
2026-01-15,18:10,1012.79,13.07,64.81,1.31,110.7,4.17
2026-01-15,18:20,1012.94,11.63,49.59,0.26,156.0,0.0
2026-01-15,18:30,1013.26,13.0,68.58,1.82,126.5,1.18
2026-01-15,18:40,1011.49,12.48,66.05,0.93,177.2,0.0
2026-01-15,18:50,1014.11,12.23,71.52,0.18,122.3,1.95
2026-01-15,19:00,1013.52,11.79,69.07,0.77,187.2,0.0
2026-01-15,19:10,1014.8,11.24,71.07,0.96,152.2,0.0
2026-01-15,19:20,1012.76,11.45,68.91,2.21,149.5,2.39
2026-01-15,19:30,1013.27,11.13,71.44,1.53,171.0,0.67
2026-01-15,19:40,1012.42,10.21,74.67,1.65,142.6,12.77
2026-01-15,19:50,1012.96,9.8,68.21,2.26,171.8,0.0
2026-01-15,20:00,1012.82,10.02,61.71,1.39,147.1,0.0
2026-01-15,20:10,1015.04,10.77,67.42,2.02,152.1,0.0
2026-01-15,20:20,1013.39,8.56,70.87,2.0,176.8,0.0
2026-01-15,20:30,1014.25,8.14,70.26,0.65,138.8,4.99
2026-01-15,20:40,1013.79,9.03,65.62,2.61,136.2,0.0
2026-01-15,20:50,1012.95,8.69,64.72,0.62,174.7,0.0
2026-01-15,21:00,1014.1,8.53,68.92,2.29,168.4,0.0
2026-01-15,21:10,1014.92,8.33,75.74,0.63,173.9,18.53
2026-01-15,21:20,1013.17,7.75,79.45,2.15,178.4,0.0
2026-01-15,21:30,1015.24,8.71,77.41,3.07,172.3,0.15
2026-01-15,21:40,1013.64,6.31,78.57,1.66,186.7,6.96
2026-01-15,21:50,1014.06,6.62,74.6,1.68,174.5,17.81
2026-01-15,22:00,1015.13,6.9,68.53,2.33,122.5,9.33
2026-01-15,22:10,1013.99,5.6,74.24,1.72,129.6,13.13
2026-01-15,22:20,1014.75,6.41,75.57,3.27,222.1,10.37
2026-01-15,22:30,1014.46,7.49,75.14,2.18,174.5,0.0
2026-01-15,22:40,1014.97,6.14,77.86,1.87,198.9,4.32
2026-01-15,22:50,1012.52,6.09,79.9,1.76,167.1,10.18
2026-01-15,23:00,1013.13,4.86,82.02,1.54,174.9,0.0
2026-01-15,23:10,1015.64,5.13,77.95,1.8,165.6,0.0
2026-01-15,23:20,1016.13,5.13,71.88,2.05,239.2,0.0
2026-01-15,23:30,1014.24,5.01,77.97,2.0,184.5,9.27
2026-01-15,23:40,1014.97,5.98,80.46,1.93,165.4,0.0
2026-01-15,23:50,1015.58,5.33,85.54,3.92,138.1,0.0
2026-01-16,00:00,1016.04,4.03,78.72,1.78,229.3,0.0
2026-01-16,00:10,1013.38,4.85,83.36,2.65,176.5,0.0
2026-01-16,00:20,1014.59,4.92,82.75,3.02,199.8,0.0
2026-01-16,00:30,1015.2,5.26,82.03,3.1,203.2,2.92
2026-01-16,00:40,1016.3,5.48,85.82,2.67,170.9,0.0
2026-01-16,00:50,1018.16,3.58,79.66,2.59,199.9,2.13
2026-01-16,01:00,1015.5,3.65,80.19,3.13,168.6,0.0
2026-01-16,01:10,1014.38,3.28,82.6,3.05,159.5,0.0
2026-01-16,01:20,1016.25,3.95,80.21,2.73,214.0,0.0
2026-01-16,01:30,1017.23,4.4,84.9,1.87,181.5,0.0
2026-01-16,01:40,1016.07,4.74,80.09,2.68,199.1,0.0
2026-01-16,01:50,1015.12,3.98,83.89,2.25,197.0,1.45
2026-01-16,02:00,1017.04,3.8,82.6,2.63,203.3,3.24
2026-01-16,02:10,1016.8,4.14,83.85,3.17,149.0,3.69
2026-01-16,02:20,1015.16,3.47,81.1,3.44,173.9,0.0
2026-01-16,02:30,1016.62,5.55,81.52,4.48,181.0,12.7
2026-01-16,02:40,1017.29,3.0,83.16,2.9,169.0,0.0
2026-01-16,02:50,1017.52,4.31,83.45,3.85,201.1,5.4
2026-01-16,03:00,1016.32,5.66,82.47,3.56,220.6,0.0
2026-01-16,03:10,1016.08,4.33,89.13,4.29,225.2,4.51
2026-01-16,03:20,1017.71,4.28,78.13,3.82,183.7,0.0
2026-01-16,03:30,1015.31,4.26,81.6,2.75,200.1,4.72
2026-01-16,03:40,1017.0,4.49,75.3,2.28,204.5,0.0
2026-01-16,03:50,1015.23,5.69,82.79,3.73,209.5,9.77
2026-01-16,04:00,1017.7,3.31,76.53,3.17,172.6,0.0
2026-01-16,04:10,1016.41,6.07,79.54,2.88,240.7,0.0
2026-01-16,04:20,1017.97,4.15,78.8,2.7,218.9,0.0
2026-01-16,04:30,1017.23,5.12,81.02,3.72,220.2,12.83
2026-01-16,04:40,1015.54,5.17,77.28,4.68,227.0,0.0
2026-01-16,04:50,1018.21,6.06,76.68,3.36,210.9,1.1
2026-01-16,05:00,1018.36,4.71,84.35,4.07,172.4,0.0
2026-01-16,05:10,1017.71,6.34,79.27,3.6,195.2,0.79
2026-01-16,05:20,1016.09,7.63,75.4,2.78,158.0,0.0
2026-01-16,05:30,1016.56,5.47,76.13,4.2,210.3,0.0
2026-01-16,05:40,1017.03,6.77,83.19,2.93,196.2,0.0
2026-01-16,05:50,1016.19,6.39,75.12,3.71,200.0,5.34
2026-01-16,06:00,1018.6,7.38,72.74,3.46,231.7,6.62
2026-01-16,06:10,1017.05,7.33,72.19,4.32,190.8,35.59
2026-01-16,06:20,1014.21,7.1,72.14,2.95,196.5,38.16
2026-01-16,06:30,1017.26,8.14,71.36,3.96,203.9,85.59
2026-01-16,06:40,1016.57,9.3,68.01,3.09,157.9,111.59
2026-01-16,06:50,1016.84,8.16,68.01,3.31,197.9,123.6
2026-01-16,07:00,1016.54,9.05,68.57,1.11,142.9,169.94
2026-01-16,07:10,1017.71,7.9,73.61,5.11,191.0,194.16
2026-01-16,07:20,1018.01,8.39,69.08,4.01,227.6,230.34
2026-01-16,07:30,1017.16,9.65,69.13,3.07,218.0,251.77
2026-01-16,07:40,1016.53,10.62,74.39,2.8,192.5,270.3
2026-01-16,07:50,1016.81,10.1,73.83,3.22,208.9,313.56
2026-01-16,08:00,1016.85,9.89,66.87,4.04,181.6,300.76
2026-01-16,08:10,1016.01,10.37,64.82,2.19,209.0,350.98
2026-01-16,08:20,1017.37,9.76,63.23,3.38,282.8,354.25
2026-01-16,08:30,1017.22,11.32,68.81,4.69,256.3,387.38
2026-01-16,08:40,1018.28,11.78,64.58,2.63,212.0,426.78
2026-01-16,08:50,1017.97,11.11,63.21,3.44,215.2,426.54
2026-01-16,09:00,1015.99,11.35,60.86,4.89,187.3,445.24
2026-01-16,09:10,1017.47,12.12,60.41,3.75,192.3,510.51
2026-01-16,09:20,1015.66,11.88,64.15,3.36,221.9,484.28
2026-01-16,09:30,1017.28,12.38,57.0,3.59,200.3,538.11
2026-01-16,09:40,1016.03,14.14,65.64,2.91,236.5,532.96
2026-01-16,09:50,1015.48,12.73,58.94,4.05,253.7,544.41
2026-01-16,10:00,1016.75,12.89,59.9,2.82,223.3,572.15
2026-01-16,10:10,1013.75,12.91,54.59,1.68,218.1,594.93
2026-01-16,10:20,1014.63,14.11,59.35,2.73,174.0,577.58
2026-01-16,10:30,1016.16,13.67,57.56,2.28,235.3,596.52
2026-01-16,10:40,1016.38,13.55,58.16,2.71,188.5,622.96
2026-01-16,10:50,1015.88,15.13,63.75,2.68,207.2,625.24
2026-01-16,11:00,1014.63,15.39,58.1,3.65,242.1,642.8
2026-01-16,11:10,1015.34,14.16,53.76,3.25,244.4,642.35
2026-01-16,11:20,1016.51,13.45,53.66,2.89,207.5,663.25
2026-01-16,11:30,1016.65,15.62,58.48,2.65,209.4,647.85
2026-01-16,11:40,1016.0,14.6,60.91,1.86,202.7,651.29
2026-01-16,11:50,1017.13,15.78,56.48,1.03,190.7,654.18
2026-01-16,12:00,1016.32,13.98,57.76,2.58,205.3,649.06
2026-01-16,12:10,1015.13,16.12,57.13,3.0,181.3,660.16
2026-01-16,12:20,1015.55,14.76,60.08,2.32,239.2,650.8
2026-01-16,12:30,1014.38,16.23,46.34,1.97,232.5,654.16
2026-01-16,12:40,1015.62,15.82,56.57,2.62,237.1,651.55
2026-01-16,12:50,1016.8,15.23,57.63,2.18,199.7,639.66
2026-01-16,13:00,1016.32,15.69,48.16,3.37,194.2,633.64
2026-01-16,13:10,1016.99,16.52,49.81,3.0,225.9,607.4
2026-01-16,13:20,1015.24,16.17,49.82,2.76,226.6,603.65
2026-01-16,13:30,1016.84,16.54,50.21,2.57,221.8,609.95
2026-01-16,13:40,1015.26,17.55,51.13,1.09,218.7,605.35
2026-01-16,13:50,1016.88,15.09,53.98,2.41,269.2,552.31
2026-01-16,14:00,1015.34,17.33,56.46,2.16,237.5,555.01
2026-01-16,14:10,1016.03,16.26,57.34,2.28,276.6,547.28
2026-01-16,14:20,1016.76,15.55,49.71,2.16,259.5,520.59
2026-01-16,14:30,1015.05,15.22,49.75,2.09,270.8,504.41
2026-01-16,14:40,1015.42,15.98,58.49,3.62,201.8,502.15
2026-01-16,14:50,1016.46,16.71,55.94,1.64,243.9,496.66
2026-01-16,15:00,1015.0,15.91,53.84,2.31,218.7,433.63
2026-01-16,15:10,1013.78,16.99,55.59,1.29,188.3,435.44
2026-01-16,15:20,1017.21,14.83,53.79,2.13,267.8,421.69
2026-01-16,15:30,1014.57,15.75,56.24,2.21,223.4,403.37
2026-01-16,15:40,1015.16,14.78,53.06,1.77,204.8,374.96
2026-01-16,15:50,1016.13,15.79,55.77,2.66,221.2,368.71
2026-01-16,16:00,1014.34,16.04,48.97,0.84,212.1,323.71
2026-01-16,16:10,1013.92,14.99,52.6,1.09,215.1,314.29
2026-01-16,16:20,1015.16,13.32,53.0,1.56,227.3,265.42
2026-01-16,16:30,1013.09,15.13,54.6,2.01,276.5,247.99
2026-01-16,16:40,1014.58,15.13,52.8,1.5,217.0,206.41
2026-01-16,16:50,1015.1,14.94,54.81,2.26,275.5,205.03
2026-01-16,17:00,1014.57,15.34,51.34,0.88,255.6,165.68
2026-01-16,17:10,1013.28,13.54,60.06,0.53,244.7,144.01
2026-01-16,17:20,1016.41,14.57,58.03,1.53,253.9,108.31
2026-01-16,17:30,1014.91,14.73,52.05,1.26,235.9,91.25
2026-01-16,17:40,1016.24,12.44,56.06,1.68,268.1,60.99
2026-01-16,17:50,1014.54,13.69,61.29,1.28,250.4,16.19
2026-01-16,18:00,1013.92,12.89,58.33,1.06,195.0,0.0
2026-01-16,18:10,1015.07,12.96,58.29,1.25,244.4,0.0
2026-01-16,18:20,1014.59,13.03,61.36,1.32,256.9,7.91
2026-01-16,18:30,1013.63,12.21,63.63,1.1,230.5,22.35
2026-01-16,18:40,1016.29,11.84,57.12,1.18,241.2,3.64
2026-01-16,18:50,1014.2,12.09,65.69,1.05,223.1,12.09
2026-01-16,19:00,1013.0,11.05,60.92,1.94,204.3,0.0
2026-01-16,19:10,1016.18,10.8,64.68,1.49,200.3,24.16
2026-01-16,19:20,1014.36,11.78,65.25,2.95,200.9,7.27
2026-01-16,19:30,1014.28,10.25,63.93,1.5,256.4,0.0
2026-01-16,19:40,1013.14,11.26,62.6,1.03,177.7,0.0
2026-01-16,19:50,1016.67,10.86,66.2,3.31,223.7,0.0
2026-01-16,20:00,1013.66,9.07,74.5,1.75,221.5,0.0
2026-01-16,20:10,1015.04,9.54,63.21,2.18,233.9,22.93
2026-01-16,20:20,1015.92,10.59,76.08,1.93,194.8,0.0
2026-01-16,20:30,1015.46,8.81,68.92,1.98,251.6,0.0
2026-01-16,20:40,1015.01,8.92,70.75,1.96,210.0,0.0
2026-01-16,20:50,1013.4,9.31,66.9,0.84,270.4,0.0
2026-01-16,21:00,1014.32,9.28,68.8,1.91,226.8,0.18
2026-01-16,21:10,1015.36,8.31,70.5,0.76,240.3,13.07
2026-01-16,21:20,1014.42,7.82,68.95,1.61,243.0,0.0
2026-01-16,21:30,1015.45,8.99,72.9,1.26,249.3,0.0
2026-01-16,21:40,1015.97,8.98,72.71,2.06,244.4,3.5
2026-01-16,21:50,1016.29,8.21,82.33,2.09,233.0,0.0
2026-01-16,22:00,1014.14,7.36,70.84,2.24,252.5,12.03
2026-01-16,22:10,1017.61,6.51,76.47,2.15,255.8,0.0
2026-01-16,22:20,1016.22,6.28,77.6,1.57,225.3,0.0
2026-01-16,22:30,1015.5,7.02,72.85,1.86,255.3,0.0
2026-01-16,22:40,1016.63,6.74,80.39,2.73,274.7,1.07
2026-01-16,22:50,1017.96,7.24,76.54,2.89,262.8,0.0
2026-01-16,23:00,1014.2,6.53,68.64,1.39,268.7,0.0
2026-01-16,23:10,1015.46,4.84,81.7,1.17,249.9,0.0
2026-01-16,23:20,1013.35,6.46,75.02,1.78,222.4,0.0
2026-01-16,23:30,1015.97,4.86,75.71,3.08,225.7,8.58
2026-01-16,23:40,1016.19,5.14,83.04,3.25,254.2,10.2
2026-01-16,23:50,1015.84,5.44,79.26,1.8,270.0,0.0
2026-01-17,00:00,1015.27,6.53,84.66,2.72,316.2,15.59
2026-01-17,00:10,1013.92,7.18,86.15,3.84,271.3,0.0
2026-01-17,00:20,1016.39,5.32,79.01,2.9,217.7,0.0
2026-01-17,00:30,1017.52,4.66,85.03,3.65,227.9,0.0
2026-01-17,00:40,1015.52,5.07,79.07,3.41,304.3,14.62
2026-01-17,00:50,1016.6,5.24,91.24,2.12,242.1,0.0
2026-01-17,01:00,1014.64,4.32,79.72,2.68,248.8,0.0
2026-01-17,01:10,1016.71,5.74,86.75,2.89,223.8,0.0
2026-01-17,01:20,1015.9,4.59,86.15,2.98,287.0,0.0
2026-01-17,01:30,1015.58,4.74,84.14,3.6,260.6,4.86
2026-01-17,01:40,1015.62,4.84,80.26,3.29,228.8,0.0
2026-01-17,01:50,1016.03,4.65,82.38,1.0,223.5,0.0
2026-01-17,02:00,1016.85,4.94,74.39,2.18,256.2,0.0
2026-01-17,02:10,1015.19,3.93,83.88,1.61,249.7,14.92
2026-01-17,02:20,1016.15,3.99,84.34,3.31,269.5,0.0
2026-01-17,02:30,1016.54,3.64,83.41,3.4,262.5,0.0
2026-01-17,02:40,1015.52,4.76,70.88,3.47,242.3,14.53
2026-01-17,02:50,1018.45,5.05,77.58,2.64,235.4,5.93
2026-01-17,03:00,1015.83,4.89,79.5,3.82,245.1,2.15
2026-01-17,03:10,1016.04,5.82,83.47,3.89,235.5,0.0
2026-01-17,03:20,1015.76,4.73,83.25,2.54,246.1,0.37
2026-01-17,03:30,1018.56,5.29,81.18,2.43,249.8,0.0
2026-01-17,03:40,1017.34,4.17,84.14,3.48,227.0,0.0
2026-01-17,03:50,1015.87,4.78,77.2,4.77,265.3,0.0
2026-01-17,04:00,1017.94,5.67,83.43,4.73,240.4,9.41
2026-01-17,04:10,1017.05,5.91,82.55,3.96,228.6,0.0
2026-01-17,04:20,1017.12,5.26,81.8,3.08,240.9,3.77
2026-01-17,04:30,1016.54,5.57,79.17,4.23,255.8,1.82
2026-01-17,04:40,1016.14,4.72,86.81,3.31,251.9,5.29
2026-01-17,04:50,1017.24,5.71,81.03,3.11,260.4,0.0
2026-01-17,05:00,1016.36,6.77,74.73,2.16,272.4,0.0
2026-01-17,05:10,1018.73,6.74,79.13,3.74,282.6,0.0
2026-01-17,05:20,1015.65,6.89,80.65,3.24,257.1,0.0
2026-01-17,05:30,1018.45,6.78,74.78,3.76,223.2,0.0
2026-01-17,05:40,1016.8,6.96,80.96,2.09,243.3,0.0
2026-01-17,05:50,1017.21,6.71,77.59,3.82,224.9,0.0
2026-01-17,06:00,1017.74,7.89,66.13,2.0,292.4,0.0
2026-01-17,06:10,1016.26,7.93,76.12,4.46,299.7,40.1
2026-01-17,06:20,1017.75,8.21,72.72,4.06,266.2,57.81
2026-01-17,06:30,1014.16,7.74,75.89,3.49,271.4,77.1
2026-01-17,06:40,1016.13,6.85,76.91,4.08,256.2,137.02
2026-01-17,06:50,1015.91,9.37,73.29,2.99,259.1,116.99
2026-01-17,07:00,1015.56,8.52,78.54,3.71,210.0,175.21
2026-01-17,07:10,1016.57,8.51,70.53,4.2,248.0,188.58
2026-01-17,07:20,1017.15,9.86,73.1,1.46,227.8,225.37
2026-01-17,07:30,1017.44,9.36,73.18,3.3,256.8,242.87
2026-01-17,07:40,1016.95,10.64,68.92,3.57,248.2,244.24
2026-01-17,07:50,1016.01,10.59,71.77,3.43,298.3,292.47
2026-01-17,08:00,1017.01,10.9,65.62,4.56,272.5,319.4
2026-01-17,08:10,1016.73,9.73,65.66,2.73,256.7,312.51
2026-01-17,08:20,1017.5,11.8,61.44,3.05,242.8,384.92
2026-01-17,08:30,1017.3,11.4,67.01,2.11,291.3,387.41
2026-01-17,08:40,1016.51,11.22,66.7,4.48,248.6,413.08
2026-01-17,08:50,1015.54,11.83,69.47,3.21,257.5,411.59
2026-01-17,09:00,1015.74,10.75,67.28,3.04,250.2,453.6
2026-01-17,09:10,1015.79,12.53,62.35,3.27,238.9,477.27
2026-01-17,09:20,1015.98,11.77,58.16,3.72,249.8,485.22
2026-01-17,09:30,1016.51,11.79,63.99,3.47,199.8,499.13
2026-01-17,09:40,1016.9,11.91,66.1,5.04,210.0,504.62
2026-01-17,09:50,1016.08,13.99,64.09,3.46,257.3,527.86
2026-01-17,10:00,1016.09,13.01,64.84,2.77,287.7,538.41
2026-01-17,10:10,1016.17,14.75,59.09,2.66,257.0,564.47
2026-01-17,10:20,1015.45,13.52,57.53,2.73,230.2,559.39
2026-01-17,10:30,1014.98,12.91,55.92,1.91,212.0,587.25
2026-01-17,10:40,1014.09,13.53,58.13,2.94,267.5,580.19
2026-01-17,10:50,1015.09,15.38,57.55,3.41,233.6,595.77
2026-01-17,11:00,1016.2,14.59,58.22,2.38,263.7,613.82
2026-01-17,11:10,1014.96,14.5,56.42,2.19,257.2,604.33
2026-01-17,11:20,1015.36,15.17,55.97,3.77,259.2,625.77
2026-01-17,11:30,1016.0,15.58,52.99,1.66,248.0,628.6
2026-01-17,11:40,1015.99,16.16,59.48,1.16,256.5,621.53
2026-01-17,11:50,1014.33,16.54,55.66,1.75,243.8,640.35
2026-01-17,12:00,1016.34,15.41,54.31,1.42,230.7,627.78
2026-01-17,12:10,1016.41,14.87,51.71,2.72,222.3,639.31
2026-01-17,12:20,1014.09,15.62,49.08,2.14,186.6,645.66
2026-01-17,12:30,1014.33,16.2,59.37,2.19,241.5,618.11
2026-01-17,12:40,1016.28,15.44,56.12,3.1,283.8,624.42
2026-01-17,12:50,1014.88,15.53,47.2,1.76,263.8,603.55
2026-01-17,13:00,1012.74,16.52,56.56,2.73,251.0,592.16
2026-01-17,13:10,1013.5,16.31,57.05,3.2,226.8,594.41
2026-01-17,13:20,1014.59,16.42,53.73,1.77,269.8,571.48
2026-01-17,13:30,1013.61,15.9,59.52,2.56,241.7,566.54
2026-01-17,13:40,1014.3,16.3,53.92,1.82,283.8,573.75
2026-01-17,13:50,1014.69,15.84,47.35,2.59,219.7,548.28
2026-01-17,14:00,1016.06,17.12,54.46,0.8,225.2,549.71
2026-01-17,14:10,1014.25,17.21,53.99,0.7,222.5,530.5
2026-01-17,14:20,1015.56,15.18,50.64,1.54,206.4,533.85
2026-01-17,14:30,1015.86,15.8,55.42,1.15,219.8,501.68
2026-01-17,14:40,1015.81,15.36,46.56,1.37,245.5,491.59
2026-01-17,14:50,1014.61,15.9,57.32,1.54,224.8,464.96
2026-01-17,15:00,1012.31,16.24,50.0,2.16,146.0,444.93
2026-01-17,15:10,1014.68,15.21,49.75,1.33,268.9,435.4
2026-01-17,15:20,1015.22,15.5,53.45,1.0,199.7,408.88
2026-01-17,15:30,1014.05,15.35,55.87,1.3,256.2,382.06
2026-01-17,15:40,1015.83,16.09,55.06,0.98,242.0,359.98
2026-01-17,15:50,1014.9,15.88,51.72,0.83,293.9,341.27
2026-01-17,16:00,1014.57,15.21,52.99,0.33,265.5,303.44
2026-01-17,16:10,1015.05,15.7,50.82,1.48,227.7,279.02
2026-01-17,16:20,1014.26,15.05,54.81,1.01,222.5,280.25
2026-01-17,16:30,1011.4,15.09,60.4,2.07,277.3,260.6
2026-01-17,16:40,1013.36,16.29,56.49,0.36,202.5,201.71
2026-01-17,16:50,1015.02,15.89,60.38,0.98,243.8,179.07
2026-01-17,17:00,1012.99,13.86,63.22,2.61,235.4,174.7
2026-01-17,17:10,1013.55,15.16,55.51,0.67,229.8,141.0
2026-01-17,17:20,1012.7,14.95,57.61,1.15,246.9,116.08
2026-01-17,17:30,1015.51,13.38,67.55,0.46,242.4,91.89
2026-01-17,17:40,1015.39,14.55,65.17,0.36,248.8,51.27
2026-01-17,17:50,1012.8,14.83,53.25,2.38,240.5,31.06
2026-01-17,18:00,1013.82,12.75,62.05,1.42,247.1,3.03
2026-01-17,18:10,1012.98,12.67,61.08,1.39,238.6,0.0
2026-01-17,18:20,1014.26,13.79,64.97,0.12,219.4,3.78
2026-01-17,18:30,1014.15,13.03,59.28,1.56,235.6,14.85
2026-01-17,18:40,1014.44,12.98,59.51,2.13,217.3,0.0
2026-01-17,18:50,1013.96,12.59,60.79,2.13,215.3,1.83
2026-01-17,19:00,1016.56,12.37,61.83,1.81,226.0,2.48
2026-01-17,19:10,1012.59,10.92,68.01,0.56,231.0,0.0
2026-01-17,19:20,1011.91,12.32,60.67,1.59,234.5,8.12
2026-01-17,19:30,1013.23,12.15,63.55,1.86,256.1,0.0
2026-01-17,19:40,1012.07,10.91,59.54,0.16,220.4,15.99
2026-01-17,19:50,1012.15,10.79,71.37,0.65,237.3,7.51
2026-01-17,20:00,1012.65,9.48,73.08,2.08,235.0,0.0
2026-01-17,20:10,1012.74,10.66,67.35,2.1,216.4,20.38
2026-01-17,20:20,1012.72,10.44,68.12,0.43,233.0,2.02
2026-01-17,20:30,1014.21,9.73,71.77,2.1,255.8,0.0
2026-01-17,20:40,1013.2,10.31,76.5,1.65,235.0,13.25
2026-01-17,20:50,1013.55,9.03,72.88,2.16,235.6,5.94
2026-01-17,21:00,1014.64,9.41,69.09,1.21,211.9,0.0
2026-01-17,21:10,1013.0,8.05,66.04,2.14,278.3,0.0
2026-01-17,21:20,1013.53,8.5,68.67,2.32,212.4,3.35
2026-01-17,21:30,1014.18,8.15,74.03,1.52,186.5,0.0
2026-01-17,21:40,1011.9,8.19,71.72,1.82,249.2,1.02
2026-01-17,21:50,1011.49,7.54,75.71,1.4,224.4,1.9
2026-01-17,22:00,1014.25,7.48,73.29,3.06,219.3,0.0
2026-01-17,22:10,1014.42,7.93,71.83,1.86,212.7,3.25
2026-01-17,22:20,1016.02,6.83,71.9,1.35,272.7,0.09
2026-01-17,22:30,1014.15,5.8,83.38,1.54,234.3,0.0
2026-01-17,22:40,1014.84,7.95,81.2,2.18,238.7,11.03
2026-01-17,22:50,1013.86,7.5,85.06,2.67,228.6,10.05
2026-01-17,23:00,1014.39,5.44,80.77,1.25,230.8,0.0
2026-01-17,23:10,1015.79,6.65,77.34,3.53,258.5,0.0
2026-01-17,23:20,1012.04,5.64,84.78,2.51,216.8,8.72
2026-01-17,23:30,1014.61,6.01,79.77,2.67,186.2,0.0
2026-01-17,23:40,1016.37,5.88,81.17,2.33,243.8,0.0
2026-01-17,23:50,1014.55,5.37,80.48,2.46,234.1,5.84
2026-01-18,00:00,1015.95,4.85,69.2,2.4,223.8,0.0
2026-01-18,00:10,1013.71,4.79,87.72,3.26,232.4,0.0
2026-01-18,00:20,1014.34,4.52,83.56,2.6,210.9,17.49
2026-01-18,00:30,1014.44,4.47,83.18,3.19,220.2,0.0
2026-01-18,00:40,1012.22,4.92,81.85,2.4,215.9,0.02
2026-01-18,00:50,1013.31,4.38,82.96,2.9,203.8,6.12
2026-01-18,01:00,1013.41,5.29,80.1,2.25,247.9,6.06
2026-01-18,01:10,1015.37,5.79,85.11,3.71,182.3,0.0
2026-01-18,01:20,1015.45,4.29,77.54,2.33,276.1,0.0
2026-01-18,01:30,1014.93,4.83,83.62,2.73,238.5,0.43
2026-01-18,01:40,1015.46,4.98,85.19,2.79,171.6,3.26
2026-01-18,01:50,1014.5,4.95,82.19,2.81,209.9,3.47
2026-01-18,02:00,1015.9,4.67,84.48,3.61,210.8,31.05
2026-01-18,02:10,1014.73,5.14,79.02,2.92,224.3,0.0
2026-01-18,02:20,1014.81,4.98,79.08,4.16,189.2,11.76
2026-01-18,02:30,1014.51,3.8,83.82,2.66,214.2,14.2
2026-01-18,02:40,1015.48,5.32,85.49,3.39,209.8,5.91
2026-01-18,02:50,1014.4,5.38,75.14,2.77,193.9,0.0
2026-01-18,03:00,1015.82,4.29,84.58,3.64,189.9,19.98
2026-01-18,03:10,1013.73,4.93,80.13,3.37,234.2,0.0
2026-01-18,03:20,1013.78,5.46,81.32,3.31,168.3,0.0
2026-01-18,03:30,1015.58,4.94,76.5,4.28,222.1,14.06
2026-01-18,03:40,1014.81,5.94,78.19,3.02,229.5,0.0
2026-01-18,03:50,1014.46,6.96,85.17,3.92,203.6,19.16
2026-01-18,04:00,1015.81,4.88,81.12,3.0,209.8,0.0
2026-01-18,04:10,1014.32,4.6,79.12,3.64,237.0,0.0
2026-01-18,04:20,1014.74,5.93,79.82,2.75,189.7,0.0
2026-01-18,04:30,1016.34,6.38,81.86,3.14,191.7,5.01
2026-01-18,04:40,1016.48,5.88,81.25,3.57,193.8,0.0
2026-01-18,04:50,1016.51,7.23,78.76,4.91,234.8,0.0
2026-01-18,05:00,1014.65,5.46,82.98,3.73,237.4,17.04
2026-01-18,05:10,1016.16,7.07,82.02,4.83,169.6,18.16
2026-01-18,05:20,1013.97,6.36,79.3,3.84,229.1,0.0
2026-01-18,05:30,1014.0,8.19,77.35,3.42,223.8,0.0
2026-01-18,05:40,1012.55,8.6,79.23,4.77,241.6,0.0
2026-01-18,05:50,1016.56,6.89,77.32,4.0,211.8,2.87
2026-01-18,06:00,1014.0,7.26,79.74,3.25,200.5,7.87
2026-01-18,06:10,1014.72,8.48,78.52,4.03,229.7,27.35
2026-01-18,06:20,1013.92,7.84,70.27,3.49,217.9,52.28
2026-01-18,06:30,1015.5,8.32,69.4,2.3,256.0,69.89
2026-01-18,06:40,1014.4,8.62,70.33,4.34,223.3,113.66
2026-01-18,06:50,1013.44,7.51,76.42,4.44,202.5,151.98
2026-01-18,07:00,1015.16,9.09,65.58,4.95,168.8,131.01
2026-01-18,07:10,1013.25,8.88,72.83,3.94,183.0,182.15
2026-01-18,07:20,1013.81,9.27,72.05,3.45,161.0,196.53
2026-01-18,07:30,1012.5,10.89,74.61,4.19,191.0,214.99
2026-01-18,07:40,1013.15,9.26,70.03,4.18,218.9,243.55
2026-01-18,07:50,1014.71,10.97,63.28,4.71,195.1,285.4
2026-01-18,08:00,1012.52,10.47,64.16,3.51,220.1,308.9
2026-01-18,08:10,1012.96,10.73,62.62,3.4,202.4,344.16
2026-01-18,08:20,1014.39,11.74,64.54,2.98,183.3,348.71
2026-01-18,08:30,1013.8,11.69,65.31,3.83,194.9,348.8
2026-01-18,08:40,1016.28,12.11,60.73,2.34,204.0,-50.0
2026-01-18,08:50,1016.07,12.65,70.64,3.93,195.0,393.66
2026-01-18,09:00,1013.32,11.99,58.82,3.76,194.7,414.85
2026-01-18,09:10,1014.69,12.05,68.87,3.72,171.1,454.51
2026-01-18,09:20,1014.82,11.97,67.61,3.37,178.9,467.22
2026-01-18,09:30,1013.41,12.39,65.85,4.3,245.6,488.4
2026-01-18,09:40,1012.45,15.28,58.89,3.8,219.2,492.59
2026-01-18,09:50,1013.88,14.32,62.44,2.72,151.1,520.94
2026-01-18,10:00,1013.65,12.73,55.39,2.69,128.1,520.09
2026-01-18,10:10,1013.32,12.98,63.58,2.44,188.6,551.04
2026-01-18,10:20,1014.14,14.46,59.1,3.39,208.4,553.34
2026-01-18,10:30,1012.88,14.72,57.23,2.26,172.5,557.23
2026-01-18,10:40,1012.41,14.92,53.46,3.67,210.4,571.7
2026-01-18,10:50,1013.6,14.56,47.96,3.79,185.8,577.29
2026-01-18,11:00,1013.81,14.84,53.24,2.2,179.6,603.91
2026-01-18,11:10,1012.18,15.34,61.39,2.63,202.0,593.84
2026-01-18,11:20,1014.21,15.34,54.9,2.72,169.1,595.88
2026-01-18,11:30,1011.44,13.9,55.42,3.28,174.7,596.91
2026-01-18,11:40,1012.56,15.44,58.33,3.73,198.0,612.61
2026-01-18,11:50,1012.81,15.16,62.57,1.37,179.8,612.57
2026-01-18,12:00,1012.36,16.01,60.31,2.28,227.7,601.21
2026-01-18,12:10,1012.36,18.11,50.81,2.26,196.7,589.91
2026-01-18,12:20,1014.73,16.39,46.64,1.41,194.5,591.08
2026-01-18,12:30,1011.94,16.02,63.58,2.0,176.9,596.68
2026-01-18,12:40,1015.16,16.98,62.98,2.59,199.4,610.92
2026-01-18,12:50,1013.08,16.76,54.45,2.05,168.9,586.45
2026-01-18,13:00,1012.67,16.79,48.43,1.11,183.4,575.92
2026-01-18,13:10,1012.98,16.98,57.21,4.15,152.8,554.41
2026-01-18,13:20,1014.97,18.05,52.8,2.28,201.1,585.1
2026-01-18,13:30,1011.38,15.86,52.68,2.12,181.8,564.09
2026-01-18,13:40,1011.19,17.01,56.63,1.22,223.5,556.09
2026-01-18,13:50,1011.49,16.05,54.35,2.13,233.1,546.31
2026-01-18,14:00,1012.21,17.1,48.26,1.79,191.8,520.01
2026-01-18,14:10,1010.39,16.06,51.72,0.53,173.8,509.24
2026-01-18,14:20,1012.07,16.39,55.7,1.06,147.8,511.36
2026-01-18,14:30,1013.68,16.45,55.17,2.33,193.5,479.99
2026-01-18,14:40,1012.08,17.3,54.28,3.09,175.5,468.33
2026-01-18,14:50,1011.58,17.21,57.09,1.95,183.1,454.3
2026-01-18,15:00,1011.2,15.64,52.06,2.42,212.3,433.3
2026-01-18,15:10,1012.66,16.47,54.41,1.51,147.8,404.98
2026-01-18,15:20,1010.88,15.86,40.4,1.52,144.7,386.28
2026-01-18,15:30,1013.5,15.38,52.34,2.31,161.3,375.46
2026-01-18,15:40,1013.54,16.0,57.46,2.68,187.2,354.2
2026-01-18,15:50,1011.82,15.82,53.13,2.4,179.9,337.01
2026-01-18,16:00,1011.5,17.61,53.14,0.71,143.1,307.11
2026-01-18,16:10,1012.5,16.08,51.18,1.39,183.8,284.6
2026-01-18,16:20,1012.52,14.67,59.73,1.61,134.2,248.52
2026-01-18,16:30,1010.58,15.09,58.29,1.21,142.7,222.85
2026-01-18,16:40,1010.82,16.03,59.81,1.64,160.2,214.72
2026-01-18,16:50,1009.99,16.61,50.04,1.93,148.6,173.62
2026-01-18,17:00,1011.69,13.86,56.75,2.04,184.1,155.08
2026-01-18,17:10,1011.92,13.46,56.75,2.51,168.5,146.41
2026-01-18,17:20,1009.87,15.89,57.24,1.09,204.8,118.81
2026-01-18,17:30,1010.74,14.65,56.4,0.36,153.9,81.9
2026-01-18,17:40,1009.83,13.56,58.01,1.56,156.5,48.7
2026-01-18,17:50,1010.25,14.33,63.34,2.62,189.2,24.67
2026-01-18,18:00,1011.68,11.89,52.85,0.97,156.1,10.41
2026-01-18,18:10,1010.38,13.5,68.18,1.78,195.1,0.0
2026-01-18,18:20,1010.8,13.5,63.6,1.79,170.7,0.0
2026-01-18,18:30,1009.46,13.68,62.09,1.44,97.8,14.59
2026-01-18,18:40,1011.26,12.08,66.5,1.32,185.5,2.18
2026-01-18,18:50,1011.03,12.6,57.68,0.68,178.3,0.0
2026-01-18,19:00,1010.34,11.64,61.46,0.26,178.7,5.75
2026-01-18,19:10,1010.87,12.21,64.27,0.58,106.6,11.65
2026-01-18,19:20,1011.24,11.15,70.86,1.1,137.2,0.0
2026-01-18,19:30,1010.25,11.24,65.86,2.16,138.5,0.0
2026-01-18,19:40,1009.59,10.57,68.49,1.34,131.6,0.0
2026-01-18,19:50,1012.87,11.46,64.99,1.07,195.6,5.43
2026-01-18,20:00,1010.44,11.34,69.95,0.84,151.2,7.58
2026-01-18,20:10,1010.99,10.32,75.36,1.95,150.1,0.0
2026-01-18,20:20,1012.11,10.25,73.29,2.47,164.2,0.0
2026-01-18,20:30,1014.64,8.95,69.63,2.29,164.1,12.38
2026-01-18,20:40,1009.88,9.49,73.31,2.01,65.9,0.0
2026-01-18,20:50,1011.59,9.41,73.56,0.58,132.6,3.25
2026-01-18,21:00,1010.45,11.03,73.91,1.41,112.9,0.0
2026-01-18,21:10,1010.64,8.17,76.96,3.05,157.7,1.95
2026-01-18,21:20,1010.48,9.72,77.55,2.51,139.9,19.81
2026-01-18,21:30,1010.1,9.15,73.23,0.69,147.0,36.46
2026-01-18,21:40,1011.21,8.41,76.91,1.77,94.1,0.0
2026-01-18,21:50,1009.8,9.21,73.39,2.11,137.8,11.81
2026-01-18,22:00,1012.25,8.01,71.81,1.37,172.9,0.0
2026-01-18,22:10,1011.39,7.8,74.98,0.33,179.7,12.57
2026-01-18,22:20,1011.78,7.27,76.3,2.06,161.9,11.49
2026-01-18,22:30,1010.93,7.96,70.49,1.49,110.0,16.92
2026-01-18,22:40,1011.06,7.67,81.08,1.54,174.4,3.42
2026-01-18,22:50,1011.74,6.26,67.06,1.89,160.5,0.0
2026-01-18,23:00,1010.33,5.59,89.47,2.1,138.9,11.13
2026-01-18,23:10,1011.17,6.19,85.07,2.23,90.7,1.42
2026-01-18,23:20,1010.7,5.6,78.45,1.67,164.7,0.0
2026-01-18,23:30,1010.7,5.95,79.94,2.19,125.5,0.0
2026-01-18,23:40,1009.52,6.71,81.5,1.17,148.5,12.08
2026-01-18,23:50,1013.0,5.38,78.29,2.67,141.1,19.24
2026-01-19,00:00,1011.01,5.53,81.76,0.5,177.3,0.0
2026-01-19,00:10,1012.9,5.48,80.73,2.35,135.2,7.46
2026-01-19,00:20,1012.84,5.92,81.22,3.25,137.5,0.0
2026-01-19,00:30,1010.52,3.65,82.58,1.92,176.9,0.0
2026-01-19,00:40,1010.75,4.7,76.84,3.21,120.4,1.77
2026-01-19,00:50,1014.43,5.19,82.46,3.57,156.8,0.0
2026-01-19,01:00,1013.66,5.81,83.14,0.5,131.0,0.0
2026-01-19,01:10,1011.91,4.56,83.16,2.75,110.4,0.0
2026-01-19,01:20,1012.23,3.54,81.91,0.9,135.0,0.0
2026-01-19,01:30,1011.38,5.25,87.42,2.88,151.8,0.0
2026-01-19,01:40,1012.47,4.35,81.53,3.0,167.9,0.0
2026-01-19,01:50,1011.35,3.94,83.9,1.32,170.5,0.0
2026-01-19,02:00,1010.07,4.33,88.19,4.45,125.8,0.0
2026-01-19,02:10,1010.81,4.65,82.67,3.34,108.0,4.51
2026-01-19,02:20,1012.18,4.37,83.8,2.59,124.3,7.12
2026-01-19,02:30,1011.05,3.28,82.49,4.26,102.3,3.12
2026-01-19,02:40,1012.14,5.49,87.72,2.01,125.9,0.0
2026-01-19,02:50,1011.16,5.81,81.61,2.45,122.4,0.0
2026-01-19,03:00,1011.47,5.43,87.62,1.74,148.7,0.0
2026-01-19,03:10,1013.13,4.25,81.89,4.65,74.9,0.0
2026-01-19,03:20,1012.54,4.99,78.66,3.65,111.3,8.44
2026-01-19,03:30,1012.3,5.23,84.58,3.91,111.1,0.0
2026-01-19,03:40,1013.2,5.76,80.38,3.69,158.5,0.0
2026-01-19,03:50,1012.82,5.92,83.79,3.91,100.5,0.0
2026-01-19,04:00,1013.8,5.07,70.07,3.59,133.6,7.19
2026-01-19,04:10,1011.9,5.77,80.67,3.75,124.4,0.0
2026-01-19,04:20,1011.94,6.18,78.45,3.66,153.2,0.15
2026-01-19,04:30,1011.07,7.04,75.65,3.18,141.7,4.12
2026-01-19,04:40,1011.95,6.68,77.28,3.59,129.4,0.0
2026-01-19,04:50,1013.34,6.91,76.76,3.84,112.1,0.0
2026-01-19,05:00,1013.68,6.6,78.41,3.74,79.3,0.0
2026-01-19,05:10,1013.34,7.71,72.66,2.64,131.4,6.17
2026-01-19,05:20,1010.58,7.21,78.91,2.74,138.1,2.19
2026-01-19,05:30,1013.45,6.53,82.6,4.45,85.1,6.73
2026-01-19,05:40,1010.52,8.32,77.73,3.48,93.3,0.0
2026-01-19,05:50,1013.24,8.05,79.3,4.11,130.0,0.0
2026-01-19,06:00,1011.96,7.47,79.88,2.94,131.8,1.01
2026-01-19,06:10,1013.02,7.68,79.87,2.67,98.2,10.95
2026-01-19,06:20,1010.96,8.46,81.82,3.1,108.3,40.96
2026-01-19,06:30,1013.45,8.81,71.74,3.53,76.4,88.06
2026-01-19,06:40,1010.79,8.87,70.26,3.22,156.4,104.52
2026-01-19,06:50,1011.56,9.2,75.64,4.58,89.1,120.6
2026-01-19,07:00,1011.2,10.42,74.72,3.78,134.8,143.96
2026-01-19,07:10,1010.42,10.24,74.35,4.94,120.1,184.4
2026-01-19,07:20,1012.24,9.88,78.16,3.91,152.9,203.76
2026-01-19,07:30,1013.92,10.66,70.0,1.92,100.5,210.51
2026-01-19,07:40,1014.74,9.54,71.01,4.33,121.5,225.15
2026-01-19,07:50,1012.13,10.8,64.73,2.51,77.2,294.05
2026-01-19,08:00,1013.12,12.05,76.54,3.7,70.9,279.23
2026-01-19,08:10,1012.19,10.9,66.0,2.97,134.0,322.08
2026-01-19,08:20,1012.41,10.72,65.46,4.98,74.2,355.12
2026-01-19,08:30,1011.53,11.12,64.66,4.46,112.8,359.36
2026-01-19,08:40,1012.02,11.07,62.82,2.9,143.5,370.29
2026-01-19,08:50,1012.31,11.54,61.84,3.3,136.6,379.56
2026-01-19,09:00,1011.15,12.08,62.02,3.52,101.0,397.8
2026-01-19,09:10,1011.6,11.61,58.03,3.92,77.6,437.22
2026-01-19,09:20,1011.57,12.85,59.73,3.29,129.8,466.89
2026-01-19,09:30,1012.4,13.72,70.06,2.51,150.4,460.66
2026-01-19,09:40,1010.45,12.69,64.6,2.69,100.0,473.76
2026-01-19,09:50,1011.41,14.63,64.78,3.14,96.2,502.91
2026-01-19,10:00,1013.31,14.15,65.21,3.96,102.9,499.47
2026-01-19,10:10,1012.51,14.74,67.28,3.35,130.1,523.18
2026-01-19,10:20,1012.63,13.77,52.31,2.47,146.3,531.58
2026-01-19,10:30,1011.25,15.04,53.95,3.41,84.3,536.35
2026-01-19,10:40,1011.48,13.89,55.14,2.64,77.6,550.22
2026-01-19,10:50,1012.1,15.47,55.99,3.48,173.4,579.66
2026-01-19,11:00,1012.6,15.16,56.19,4.58,110.2,572.78
2026-01-19,11:10,1009.02,15.61,55.15,2.51,120.8,584.58
2026-01-19,11:20,1009.59,14.57,57.39,3.27,96.9,565.3
2026-01-19,11:30,1012.16,14.93,56.24,2.13,126.3,593.24
2026-01-19,11:40,1010.51,16.13,52.82,2.53,137.8,590.41
2026-01-19,11:50,1010.05,15.19,46.65,2.57,121.1,566.29
2026-01-19,12:00,1009.4,16.32,51.04,2.36,156.9,591.19
2026-01-19,12:10,1010.04,15.16,52.5,4.17,105.1,577.87
2026-01-19,12:20,1009.12,16.83,53.42,2.18,106.5,563.69
2026-01-19,12:30,1012.55,15.48,49.62,2.75,118.7,580.89
2026-01-19,12:40,1010.38,16.82,51.94,0.94,124.3,581.8
2026-01-19,12:50,1010.28,16.96,49.17,2.54,118.2,572.06
2026-01-19,13:00,1010.86,16.1,53.01,2.99,80.3,562.75
2026-01-19,13:10,1011.18,17.06,49.06,1.77,120.0,552.84
2026-01-19,13:20,1011.1,16.89,49.83,0.33,102.7,578.1
2026-01-19,13:30,1011.17,16.37,47.89,2.01,97.4,524.97
2026-01-19,13:40,1009.4,16.07,52.44,2.0,112.6,539.27
2026-01-19,13:50,1009.68,15.42,49.55,2.45,87.6,517.61
2026-01-19,14:00,1010.69,17.04,56.63,3.31,83.1,494.82
2026-01-19,14:10,1009.34,15.7,54.64,1.59,46.0,491.19
2026-01-19,14:20,1009.81,16.84,52.78,1.21,155.0,460.82
2026-01-19,14:30,1010.16,16.56,49.94,0.95,125.1,455.25
2026-01-19,14:40,1010.49,17.18,54.75,1.87,108.1,445.82
2026-01-19,14:50,1007.88,16.45,56.12,2.02,94.3,410.91
2026-01-19,15:00,1010.33,16.36,54.08,1.27,39.0,417.94
2026-01-19,15:10,1009.33,17.03,60.11,2.16,92.6,381.86
2026-01-19,15:20,1010.23,16.67,55.74,1.91,128.6,356.82
2026-01-19,15:30,1010.26,16.56,57.8,1.58,134.2,341.39
2026-01-19,15:40,1011.05,16.57,54.94,0.89,126.6,359.92
2026-01-19,15:50,1010.75,15.05,57.4,1.15,114.4,288.89
2026-01-19,16:00,1010.71,16.53,51.82,0.24,143.0,296.1
2026-01-19,16:10,1010.77,16.29,53.52,1.6,102.1,259.53
2026-01-19,16:20,1009.59,15.0,57.11,1.43,137.4,241.54
2026-01-19,16:30,1009.3,15.39,57.47,1.52,100.6,229.72
2026-01-19,16:40,1010.11,15.37,58.54,1.73,88.1,205.45
2026-01-19,16:50,1009.94,15.13,61.34,1.63,85.0,166.58
2026-01-19,17:00,1008.88,15.28,51.69,1.26,83.5,134.08
2026-01-19,17:10,1009.57,15.86,53.97,1.36,126.5,133.19
2026-01-19,17:20,1009.11,15.41,59.28,0.34,91.5,107.47
2026-01-19,17:30,1008.28,13.53,55.97,0.9,84.2,72.37
2026-01-19,17:40,1010.41,14.68,72.91,1.34,127.9,55.9
2026-01-19,17:50,1009.16,14.95,62.0,0.79,118.2,19.97
2026-01-19,18:00,1011.15,14.07,60.19,1.9,134.1,0.0
2026-01-19,18:10,1007.46,14.33,59.01,0.84,122.8,0.05
2026-01-19,18:20,1008.53,14.74,59.74,1.46,91.2,6.23
2026-01-19,18:30,1009.12,13.81,62.38,1.39,111.9,3.71
2026-01-19,18:40,1010.22,13.03,63.32,1.84,113.2,6.11
2026-01-19,18:50,1009.49,13.34,61.66,1.96,87.1,0.0
2026-01-19,19:00,1009.4,12.45,63.03,1.83,82.5,18.98
2026-01-19,19:10,1007.97,12.12,70.13,0.12,93.1,0.0
2026-01-19,19:20,1007.95,11.6,70.93,2.21,161.1,0.0
2026-01-19,19:30,1009.44,12.68,67.05,2.46,99.9,0.0
2026-01-19,19:40,1007.77,10.75,61.33,1.07,141.1,0.0
2026-01-19,19:50,1008.62,12.13,69.5,1.6,98.6,6.39
2026-01-19,20:00,1009.67,11.15,74.22,0.84,132.6,9.15
2026-01-19,20:10,1008.21,9.56,74.13,0.12,133.0,18.74
2026-01-19,20:20,1010.82,10.53,72.25,1.0,134.3,6.24
2026-01-19,20:30,1010.46,8.55,75.65,1.17,120.3,3.32
2026-01-19,20:40,1007.69,10.2,70.82,1.33,145.1,0.0
2026-01-19,20:50,1008.36,10.12,73.76,0.94,120.2,0.0
2026-01-19,21:00,1007.03,8.83,69.16,1.14,153.7,11.64
2026-01-19,21:10,1008.57,9.08,73.68,1.68,70.5,11.41
2026-01-19,21:20,1010.15,10.11,78.45,1.19,119.8,0.0
2026-01-19,21:30,1009.01,8.15,71.38,2.15,118.3,8.68
2026-01-19,21:40,1009.92,7.52,70.89,2.29,87.9,7.8
2026-01-19,21:50,1007.97,9.06,75.32,3.52,125.9,0.0
2026-01-19,22:00,1010.33,9.17,74.59,2.69,74.3,6.49
2026-01-19,22:10,1009.02,7.58,78.66,2.12,95.3,0.0
2026-01-19,22:20,1009.63,8.06,74.79,1.56,61.8,0.0
2026-01-19,22:30,1009.57,8.08,84.01,2.25,150.9,0.0
2026-01-19,22:40,1008.43,6.42,72.48,2.32,106.3,3.09
2026-01-19,22:50,1008.59,6.4,83.15,1.78,166.4,0.0
2026-01-19,23:00,1010.76,7.42,75.55,2.74,132.5,34.41
2026-01-19,23:10,1010.24,7.55,71.88,1.26,123.7,4.55
2026-01-19,23:20,1010.93,6.59,80.44,2.12,98.1,1.77
2026-01-19,23:30,1010.26,5.42,78.88,2.73,86.7,5.16
2026-01-19,23:40,1010.12,7.27,75.85,2.19,126.1,0.0
2026-01-19,23:50,1008.3,5.36,73.93,2.3,111.5,11.15
2026-01-20,00:00,1009.8,5.36,80.96,2.4,79.9,4.33
2026-01-20,00:10,1010.1,5.71,85.21,1.97,75.7,3.78
2026-01-20,00:20,1012.12,6.45,83.93,3.43,89.8,0.0
2026-01-20,00:30,1010.91,5.85,82.09,1.94,159.5,0.0
2026-01-20,00:40,1011.8,5.45,84.01,2.93,169.6,0.0
2026-01-20,00:50,1010.91,5.4,82.2,3.05,119.6,3.39
2026-01-20,01:00,1009.65,5.03,76.77,2.15,118.4,0.0
2026-01-20,01:10,1010.53,5.33,76.96,2.91,106.5,3.5
2026-01-20,01:20,1010.69,3.11,81.96,2.27,91.7,0.0
2026-01-20,01:30,1009.56,4.64,82.23,3.93,149.7,5.17
2026-01-20,01:40,1010.16,4.98,86.35,2.21,162.4,0.0
2026-01-20,01:50,1010.38,3.99,86.01,2.6,93.5,2.31
2026-01-20,02:00,1012.24,5.06,85.42,2.24,114.0,0.0
2026-01-20,02:10,1008.59,4.65,81.86,2.19,105.1,0.0
2026-01-20,02:20,1011.92,6.04,77.42,4.3,106.1,0.0
2026-01-20,02:30,1009.82,5.94,84.52,3.61,146.5,18.44
2026-01-20,02:40,1009.42,4.56,84.87,3.37,84.3,0.0
2026-01-20,02:50,1012.01,4.83,73.09,2.85,129.0,1.43
2026-01-20,03:00,1011.6,4.94,79.15,3.98,135.8,9.57
2026-01-20,03:10,1012.16,4.75,79.54,2.81,114.4,27.6
2026-01-20,03:20,1011.73,5.29,82.57,3.97,140.5,0.0
2026-01-20,03:30,1013.02,4.71,78.64,2.84,122.2,0.0
2026-01-20,03:40,1011.55,4.56,81.44,3.03,149.2,0.0
2026-01-20,03:50,1010.87,5.9,80.46,4.04,81.0,13.69
2026-01-20,04:00,1011.39,6.03,80.35,4.14,110.7,0.0
2026-01-20,04:10,1012.31,5.16,77.79,3.98,117.9,0.0
2026-01-20,04:20,1010.31,6.5,77.73,2.85,53.2,0.0
2026-01-20,04:30,1010.46,5.58,75.58,3.3,93.2,10.61
2026-01-20,04:40,1010.82,6.37,81.01,3.74,100.3,13.9
2026-01-20,04:50,1009.04,6.94,81.34,3.05,144.7,10.15
2026-01-20,05:00,1011.3,6.52,75.52,4.62,103.6,0.0
2026-01-20,05:10,1009.29,7.05,84.22,1.99,101.2,7.29
2026-01-20,05:20,1011.24,6.57,76.38,3.14,142.4,0.0
2026-01-20,05:30,1012.06,6.99,83.25,3.33,81.9,0.7
2026-01-20,05:40,1010.72,7.2,74.04,1.7,70.9,2.46
2026-01-20,05:50,1012.88,7.04,67.95,2.72,114.0,3.72
2026-01-20,06:00,1009.74,7.66,77.11,4.14,87.2,6.42
2026-01-20,06:10,1012.39,6.93,75.92,3.72,88.5,24.85
2026-01-20,06:20,1011.87,7.9,74.48,4.8,138.4,26.29
2026-01-20,06:30,1009.47,8.29,71.17,4.77,146.4,81.05
2026-01-20,06:40,1013.89,8.55,72.99,3.98,144.6,100.44
2026-01-20,06:50,1011.11,8.81,70.47,3.89,152.9,112.87
2026-01-20,07:00,1010.28,9.18,70.67,3.71,156.6,129.07
2026-01-20,07:10,1009.74,9.82,74.61,1.79,72.8,190.28
2026-01-20,07:20,1010.91,10.35,71.34,2.65,137.6,210.15
2026-01-20,07:30,1010.99,9.54,72.4,3.68,113.5,227.03
2026-01-20,07:40,1011.2,9.41,68.38,4.02,108.5,233.2
2026-01-20,07:50,1010.77,9.79,67.29,3.77,141.6,233.41
2026-01-20,08:00,1011.68,10.44,63.39,2.91,84.7,294.58
2026-01-20,08:10,1010.63,10.79,65.87,4.17,84.6,311.04
2026-01-20,08:20,1009.06,10.76,53.41,4.52,144.6,322.78
2026-01-20,08:30,1010.82,10.65,63.68,4.11,141.4,360.79
2026-01-20,08:40,1008.57,11.5,65.07,4.11,133.1,376.81
2026-01-20,08:50,1011.26,12.2,67.01,2.99,108.1,387.39
2026-01-20,09:00,1009.89,12.74,63.04,4.1,149.1,403.6
2026-01-20,09:10,1011.0,12.19,64.88,3.41,147.9,420.91
2026-01-20,09:20,1012.11,12.53,54.15,3.63,133.5,444.78
2026-01-20,09:30,1009.81,12.42,62.03,3.49,102.4,441.82
2026-01-20,09:40,1011.78,13.28,54.94,3.1,121.6,471.84
2026-01-20,09:50,1010.24,12.95,56.24,2.54,153.7,469.4
2026-01-20,10:00,1012.39,14.17,59.75,3.04,166.3,509.29
2026-01-20,10:10,1010.23,12.74,65.05,3.74,125.5,511.5
2026-01-20,10:20,1009.71,13.96,60.88,2.7,127.8,507.75
2026-01-20,10:30,1011.19,14.63,58.94,3.58,130.5,526.89
2026-01-20,10:40,1010.02,14.75,58.28,3.43,141.9,524.58
2026-01-20,10:50,1009.57,16.7,55.01,2.65,120.9,560.76
2026-01-20,11:00,1009.89,15.25,55.22,3.78,63.6,569.04
2026-01-20,11:10,1010.27,14.49,58.65,2.51,166.2,563.72
2026-01-20,11:20,1011.61,15.29,50.97,3.77,181.8,578.79
2026-01-20,11:30,1008.29,14.28,58.47,2.96,122.1,565.6
2026-01-20,11:40,1010.19,15.62,54.16,2.59,111.2,575.54
2026-01-20,11:50,1010.75,15.24,58.65,1.93,134.9,582.6
2026-01-20,12:00,1010.27,16.6,58.85,2.44,134.2,568.28
2026-01-20,12:10,1011.34,15.7,48.0,2.31,164.2,568.56
2026-01-20,12:20,1009.9,16.12,52.08,1.51,141.2,577.19
2026-01-20,12:30,1009.75,15.86,50.72,2.19,120.5,570.94
2026-01-20,12:40,1010.48,17.61,46.65,1.73,107.9,550.25
2026-01-20,12:50,1009.94,16.25,49.56,2.65,163.0,528.15
2026-01-20,13:00,1009.4,17.83,63.28,3.1,156.9,546.3
2026-01-20,13:10,1010.26,17.18,55.79,1.28,168.9,516.21
2026-01-20,13:20,1009.05,17.0,60.9,3.29,118.7,521.43
2026-01-20,13:30,1009.05,16.96,56.44,1.95,189.4,513.77
2026-01-20,13:40,1009.09,17.01,50.09,1.31,100.4,507.37
2026-01-20,13:50,1010.93,15.4,51.49,2.48,162.2,513.01
2026-01-20,14:00,1006.31,16.56,55.35,1.59,97.3,503.63
2026-01-20,14:10,1009.89,17.34,54.76,1.8,125.8,484.36
2026-01-20,14:20,1009.49,16.69,50.75,1.53,185.1,472.02
2026-01-20,14:30,1007.74,15.71,47.09,1.2,167.4,457.6
2026-01-20,14:40,1009.69,16.62,66.38,2.24,133.5,404.21
2026-01-20,14:50,1009.83,17.8,52.79,1.49,134.7,417.92
2026-01-20,15:00,1009.91,17.42,52.21,0.65,150.7,379.07
2026-01-20,15:10,1006.64,16.42,54.15,2.0,161.6,388.82
2026-01-20,15:20,1010.63,17.05,52.93,0.74,180.6,338.95
2026-01-20,15:30,1008.5,16.03,54.63,0.74,138.5,342.57
2026-01-20,15:40,1009.9,14.99,59.55,2.35,110.1,331.33
2026-01-20,15:50,1009.93,15.42,54.2,0.65,154.9,290.75
2026-01-20,16:00,1008.29,17.03,50.36,0.16,140.1,294.54
2026-01-20,16:10,1009.81,15.61,54.7,1.87,119.6,267.39
2026-01-20,16:20,1008.75,15.48,53.86,1.2,160.1,243.69
2026-01-20,16:30,1007.05,15.29,61.8,1.24,147.9,224.87
2026-01-20,16:40,1010.28,16.67,61.19,1.15,161.4,189.14
2026-01-20,16:50,1008.32,16.3,57.37,1.52,132.0,171.88
2026-01-20,17:00,1008.24,16.53,52.28,0.81,167.1,146.47
2026-01-20,17:10,1008.68,14.68,52.96,2.36,122.6,122.21
2026-01-20,17:20,1009.36,14.8,58.42,0.28,135.4,90.09
2026-01-20,17:30,1009.03,13.32,60.21,1.62,150.6,58.86
2026-01-20,17:40,1009.63,15.21,57.9,1.75,200.8,45.21
2026-01-20,17:50,1007.75,13.14,58.02,0.77,177.4,19.94
2026-01-20,18:00,1008.35,13.88,58.13,0.58,185.3,0.0
2026-01-20,18:10,1008.99,12.73,60.98,2.01,194.4,10.22
2026-01-20,18:20,1011.02,12.85,52.13,0.61,249.6,0.0
2026-01-20,18:30,1009.02,12.44,57.85,0.89,161.2,0.0
2026-01-20,18:40,1010.23,12.35,60.36,1.94,196.2,14.0
2026-01-20,18:50,1009.21,12.15,68.32,1.35,186.6,10.91
2026-01-20,19:00,1008.7,11.89,60.86,0.08,186.8,14.6
2026-01-20,19:10,1008.97,12.61,65.48,2.58,206.8,0.0
2026-01-20,19:20,1009.07,10.99,66.3,1.0,152.6,9.41
2026-01-20,19:30,1009.87,11.66,71.23,1.11,151.2,0.0
2026-01-20,19:40,1010.67,12.1,71.74,1.59,172.2,0.0
2026-01-20,19:50,1009.69,10.62,67.12,1.87,160.3,0.0
2026-01-20,20:00,1010.55,10.22,66.1,2.83,173.4,0.0
2026-01-20,20:10,1008.43,10.29,66.0,0.33,205.1,0.0
2026-01-20,20:20,1009.02,11.02,68.34,2.1,154.7,0.0
2026-01-20,20:30,1008.75,10.07,68.22,2.07,159.6,0.0
2026-01-20,20:40,1009.84,9.3,72.82,1.48,172.2,10.28
2026-01-20,20:50,1009.21,9.75,72.93,2.17,162.7,0.0
2026-01-20,21:00,1010.34,8.39,74.25,2.31,121.2,2.42
2026-01-20,21:10,1008.73,9.38,77.55,0.72,155.2,1.97
2026-01-20,21:20,1009.75,8.94,80.58,2.95,187.4,0.66
2026-01-20,21:30,1010.45,8.2,74.24,0.68,206.8,1.11
2026-01-20,21:40,1007.75,7.59,78.74,1.02,142.6,0.0
2026-01-20,21:50,1011.99,7.32,73.52,1.67,143.1,17.02
2026-01-20,22:00,1009.64,8.08,80.24,3.25,173.4,9.13
2026-01-20,22:10,1007.95,8.34,80.31,1.73,121.4,0.22
2026-01-20,22:20,1010.19,6.82,80.64,1.97,162.8,0.0
2026-01-20,22:30,1010.13,7.37,77.51,3.04,131.1,0.0
2026-01-20,22:40,1010.07,5.38,74.97,1.88,209.3,5.01
2026-01-20,22:50,1011.21,6.24,72.56,1.31,156.5,18.0
2026-01-20,23:00,1011.02,6.44,78.45,1.9,217.7,0.0
2026-01-20,23:10,1010.64,5.64,85.19,3.2,204.8,7.92
2026-01-20,23:20,1010.85,5.45,78.25,2.34,161.4,13.52
2026-01-20,23:30,1010.36,5.47,83.04,3.69,151.4,0.0
2026-01-20,23:40,1012.3,5.98,83.66,2.91,173.9,0.0
2026-01-20,23:50,1009.11,5.5,79.52,2.0,176.8,0.0
2026-01-21,00:00,1010.79,3.93,86.26,2.54,188.7,5.17
2026-01-21,00:10,1010.78,3.89,69.67,1.96,161.2,0.0
2026-01-21,00:20,1011.6,4.83,76.7,2.14,199.9,0.0
2026-01-21,00:30,1010.0,5.47,78.2,5.79,188.5,0.0
2026-01-21,00:40,1009.17,3.13,78.82,3.42,173.9,8.64
2026-01-21,00:50,1011.13,4.61,83.65,3.36,165.3,2.75
2026-01-21,01:00,1011.32,4.52,83.65,2.37,179.0,2.77
2026-01-21,01:10,1012.59,5.8,84.22,3.96,163.9,1.93
2026-01-21,01:20,1009.89,4.5,85.16,3.68,186.3,6.87
2026-01-21,01:30,1012.38,5.0,79.07,4.28,187.6,0.0
2026-01-21,01:40,1013.65,4.8,78.07,4.29,192.6,20.41
2026-01-21,01:50,1010.96,3.19,84.57,2.02,230.9,0.0
2026-01-21,02:00,1010.11,5.22,80.48,2.32,184.0,0.0
2026-01-21,02:10,1011.05,4.83,76.7,2.44,213.0,0.0
2026-01-21,02:20,1011.53,5.05,86.83,2.53,194.3,0.0
2026-01-21,02:30,1012.13,7.47,88.45,3.46,183.2,8.08
2026-01-21,02:40,1011.03,3.31,89.0,2.87,186.8,6.62
2026-01-21,02:50,1013.23,6.02,83.39,4.76,188.9,14.49
2026-01-21,03:00,1010.61,4.67,84.99,4.68,197.9,0.0
2026-01-21,03:10,1010.04,5.15,87.79,3.38,167.6,8.95
2026-01-21,03:20,1012.93,5.0,79.53,4.79,155.5,0.68
2026-01-21,03:30,1009.6,4.83,86.3,4.49,209.1,2.0
2026-01-21,03:40,1011.71,4.83,82.7,3.17,215.8,7.51
2026-01-21,03:50,1015.08,5.57,84.96,2.11,212.6,0.0
2026-01-21,04:00,1011.99,4.41,81.73,3.39,198.4,31.05
2026-01-21,04:10,1010.92,6.13,85.84,3.11,214.3,15.98
2026-01-21,04:20,1012.02,5.45,81.18,3.73,213.6,0.0
2026-01-21,04:30,1012.06,5.11,73.96,3.67,216.0,0.0
2026-01-21,04:40,1012.3,5.75,85.3,3.67,175.4,0.0
2026-01-21,04:50,1012.84,7.11,75.27,4.01,170.1,2.19
2026-01-21,05:00,1011.16,6.04,83.62,2.81,188.4,12.79
2026-01-21,05:10,1013.92,6.85,77.77,3.96,198.3,0.0
2026-01-21,05:20,1012.5,6.28,82.35,3.37,193.2,3.43
2026-01-21,05:30,1013.0,7.53,81.67,3.83,153.0,0.0
2026-01-21,05:40,1011.67,7.69,78.32,4.37,243.5,5.24
2026-01-21,05:50,1013.6,8.72,78.09,2.84,194.2,0.0
2026-01-21,06:00,1012.07,7.52,77.19,3.5,205.9,23.24
2026-01-21,06:10,1012.62,8.34,66.87,3.62,233.3,5.82
2026-01-21,06:20,1011.42,8.18,74.81,3.34,144.2,65.13
2026-01-21,06:30,1011.37,9.25,69.28,4.32,190.6,52.46
2026-01-21,06:40,1013.06,8.09,73.82,3.18,194.3,81.05
2026-01-21,06:50,1011.93,9.36,67.94,3.28,196.1,100.73
2026-01-21,07:00,1011.52,8.95,67.14,3.16,200.7,147.5
2026-01-21,07:10,1011.73,9.29,77.67,4.41,241.8,153.77
2026-01-21,07:20,1013.08,9.66,74.88,3.28,223.1,174.72
2026-01-21,07:30,1011.74,10.03,69.94,3.93,230.7,216.0
2026-01-21,07:40,1012.25,10.03,70.05,4.97,208.5,241.24
2026-01-21,07:50,1012.37,10.52,67.66,3.51,172.9,258.1
2026-01-21,08:00,1010.43,11.74,70.28,4.32,156.5,276.97
2026-01-21,08:10,1010.87,11.58,64.64,4.68,170.8,321.63
2026-01-21,08:20,1012.66,11.76,70.67,4.2,218.6,321.63
2026-01-21,08:30,1011.57,11.09,65.03,3.44,210.9,349.12
2026-01-21,08:40,1013.35,11.04,63.72,3.87,205.4,360.1
2026-01-21,08:50,1013.24,12.59,64.84,2.48,202.0,363.45
2026-01-21,09:00,1012.97,12.79,61.75,2.8,262.1,400.74
2026-01-21,09:10,1014.05,13.46,64.8,2.89,191.7,403.03
2026-01-21,09:20,1012.12,12.25,60.72,4.84,236.1,425.79
2026-01-21,09:30,1012.83,12.75,64.13,2.66,213.4,445.7
2026-01-21,09:40,1011.57,12.0,66.52,2.61,212.4,433.06
2026-01-21,09:50,1014.58,13.11,58.2,2.41,243.9,450.48
2026-01-21,10:00,1014.08,14.31,59.98,3.49,251.6,493.26
2026-01-21,10:10,1012.08,13.51,61.79,3.15,209.5,486.0
2026-01-21,10:20,1012.43,14.5,57.65,3.77,236.0,497.25
2026-01-21,10:30,1013.37,14.13,60.73,3.43,225.7,516.36
2026-01-21,10:40,1011.83,14.69,60.58,1.94,217.3,518.48
2026-01-21,10:50,1011.29,13.86,62.2,2.3,222.7,535.85
2026-01-21,11:00,1012.78,14.91,54.97,3.77,200.9,536.96
2026-01-21,11:10,1011.95,12.93,53.17,2.62,211.0,545.66
2026-01-21,11:20,1012.02,15.07,55.28,3.54,204.6,539.52
2026-01-21,11:30,1010.97,14.22,52.23,2.55,242.2,553.89
2026-01-21,11:40,1010.05,16.36,57.97,1.93,217.8,567.4
2026-01-21,11:50,1011.97,16.2,50.7,2.34,188.2,548.84
2026-01-21,12:00,1012.6,16.12,64.34,1.82,203.1,567.1
2026-01-21,12:10,1011.44,16.98,59.88,2.05,141.7,554.9
2026-01-21,12:20,1013.06,15.36,54.46,2.54,209.8,562.68
2026-01-21,12:30,1010.89,17.36,57.61,2.7,223.6,552.7
2026-01-21,12:40,1010.5,16.88,47.36,1.18,219.7,546.99
2026-01-21,12:50,1011.46,16.14,63.79,2.23,273.1,546.79
2026-01-21,13:00,1011.41,17.18,51.15,1.78,238.4,551.33
2026-01-21,13:10,1012.23,15.67,52.87,1.69,237.8,532.75
2026-01-21,13:20,1010.65,15.91,45.8,2.18,183.9,527.81
2026-01-21,13:30,1012.76,16.1,55.07,1.66,216.3,508.79
2026-01-21,13:40,1013.33,16.19,48.63,2.96,213.8,522.25
2026-01-21,13:50,1011.29,15.83,53.42,2.78,206.7,500.3
2026-01-21,14:00,1012.55,17.43,50.82,2.73,206.8,481.84
2026-01-21,14:10,1010.22,16.39,48.7,1.51,182.1,466.81
2026-01-21,14:20,1012.33,16.8,49.84,1.14,195.8,466.5
2026-01-21,14:30,1012.27,16.12,54.03,1.83,250.0,433.12
2026-01-21,14:40,1012.07,15.2,48.1,1.62,225.1,403.79
2026-01-21,14:50,1011.17,16.61,50.36,1.26,216.4,410.04
2026-01-21,15:00,1008.21,15.02,56.16,0.83,229.4,406.66
2026-01-21,15:10,1010.5,16.24,64.1,1.59,259.1,393.94
2026-01-21,15:20,1010.5,15.24,55.81,1.3,230.5,355.32
2026-01-21,15:30,1010.13,17.5,50.47,2.03,244.3,338.21
2026-01-21,15:40,1011.22,16.63,52.94,1.98,210.0,324.37
2026-01-21,15:50,1010.67,15.95,54.82,2.26,216.1,294.81
2026-01-21,16:00,1010.25,16.64,53.61,0.58,240.9,283.46
2026-01-21,16:10,1010.01,15.02,58.96,1.72,279.7,254.99
2026-01-21,16:20,1010.35,15.85,56.58,0.9,268.6,246.43
2026-01-21,16:30,1012.18,15.45,59.73,0.54,247.8,220.81
2026-01-21,16:40,1010.4,15.33,55.25,1.07,237.4,199.29
2026-01-21,16:50,1010.55,15.86,62.24,2.1,269.0,164.19
2026-01-21,17:00,1010.61,15.3,56.73,1.08,254.3,166.53
2026-01-21,17:10,1011.41,14.8,53.98,2.42,177.4,125.73
2026-01-21,17:20,1011.53,13.24,67.07,1.7,208.8,99.17
2026-01-21,17:30,1008.04,13.52,51.57,1.03,244.0,63.17
2026-01-21,17:40,1012.12,13.89,56.44,2.12,191.2,47.11
2026-01-21,17:50,1012.55,13.83,57.43,1.61,213.8,25.53
2026-01-21,18:00,1010.08,12.74,70.53,0.65,219.1,0.0
2026-01-21,18:10,1010.18,14.99,68.3,2.6,230.6,0.0
2026-01-21,18:20,1010.72,14.13,67.64,1.49,230.2,0.0
2026-01-21,18:30,1010.44,13.25,60.94,1.32,230.5,0.67
2026-01-21,18:40,1011.45,12.63,72.57,0.72,258.7,0.0
2026-01-21,18:50,1009.31,12.18,64.96,2.15,231.7,0.0
2026-01-21,19:00,1010.17,11.41,68.03,1.7,229.1,0.0
2026-01-21,19:10,1012.86,11.88,65.47,1.8,205.3,0.0
2026-01-21,19:20,1010.42,11.74,65.2,1.02,265.0,12.42
2026-01-21,19:30,1012.63,10.43,65.03,1.98,222.9,24.63
2026-01-21,19:40,1011.78,11.27,65.85,2.05,212.8,8.14
2026-01-21,19:50,1009.66,10.67,69.78,0.97,245.6,0.0
2026-01-21,20:00,1012.15,55.0,69.47,0.47,221.4,0.0
2026-01-21,20:10,1011.44,9.65,68.53,1.89,227.8,7.15
2026-01-21,20:20,1011.15,9.7,75.35,0.42,247.7,5.8
2026-01-21,20:30,1011.9,11.05,58.09,1.65,233.4,11.85
2026-01-21,20:40,1012.18,9.85,72.64,1.27,299.6,0.0
2026-01-21,20:50,1012.47,8.27,74.12,2.47,240.2,0.0
2026-01-21,21:00,1012.99,9.29,76.47,1.38,257.8,21.03
2026-01-21,21:10,1012.28,7.61,72.25,2.46,194.1,0.7
2026-01-21,21:20,1010.55,9.21,73.96,1.37,221.4,0.0
2026-01-21,21:30,1011.52,7.87,77.68,2.47,216.0,17.7
2026-01-21,21:40,1014.99,7.89,80.3,3.25,219.6,0.0
2026-01-21,21:50,1012.84,8.65,73.72,1.11,254.1,0.0
2026-01-21,22:00,1014.55,6.59,76.57,2.1,269.8,9.23
2026-01-21,22:10,1013.64,6.29,82.77,3.87,252.8,10.93
2026-01-21,22:20,1012.55,6.64,68.11,2.04,238.8,4.97
2026-01-21,22:30,1012.67,7.56,74.37,2.08,228.9,0.0
2026-01-21,22:40,1012.4,5.56,83.51,2.64,272.7,0.0
2026-01-21,22:50,1010.77,4.45,82.5,2.17,296.9,0.0
2026-01-21,23:00,1012.6,5.92,80.7,0.99,248.7,0.0
2026-01-21,23:10,1013.86,6.44,77.26,3.03,269.1,16.94
2026-01-21,23:20,1012.12,6.72,75.96,0.89,254.4,0.0
2026-01-21,23:30,1013.2,5.39,77.54,2.05,264.9,3.79
2026-01-21,23:40,1013.71,5.27,86.48,3.24,217.1,14.33
2026-01-21,23:50,1012.02,6.22,78.14,2.2,234.2,4.58
2026-01-22,00:00,1012.55,3.97,81.4,2.01,256.5,14.89
2026-01-22,00:10,1012.05,4.87,78.29,3.17,277.1,6.76
2026-01-22,00:20,1012.32,5.16,84.97,2.01,226.5,5.15
2026-01-22,00:30,1011.93,5.24,79.7,1.8,196.3,4.4
2026-01-22,00:40,1012.38,4.47,81.71,2.9,234.8,7.36
2026-01-22,00:50,1014.77,4.76,75.57,2.63,272.7,0.0
2026-01-22,01:00,1012.51,2.92,76.04,1.94,208.0,0.0
2026-01-22,01:10,1013.62,4.14,82.68,3.31,218.3,11.45
2026-01-22,01:20,1013.06,4.86,77.47,3.24,251.8,13.94
2026-01-22,01:30,1014.81,3.82,91.29,2.71,245.2,3.02
2026-01-22,01:40,1015.01,4.52,74.7,2.8,263.1,0.0
2026-01-22,01:50,1014.62,4.77,79.79,3.38,217.6,0.0
2026-01-22,02:00,1014.13,4.21,83.07,3.93,240.3,1.03
2026-01-22,02:10,1013.66,4.57,81.53,2.95,278.5,0.0
2026-01-22,02:20,1012.76,3.79,78.53,3.65,218.9,0.0
2026-01-22,02:30,1015.95,4.35,79.04,3.63,285.8,0.0
2026-01-22,02:40,1013.31,4.96,78.81,3.89,222.3,0.0
2026-01-22,02:50,1014.79,4.69,81.5,3.34,270.3,4.14
2026-01-22,03:00,1015.24,4.23,90.3,2.71,239.8,0.0
2026-01-22,03:10,1013.68,4.87,82.62,3.06,220.6,0.0
2026-01-22,03:20,1015.33,5.29,86.83,3.66,236.9,0.0
2026-01-22,03:30,1015.11,3.45,83.89,4.72,263.0,0.0
2026-01-22,03:40,1016.12,5.8,86.05,3.14,249.3,0.0
2026-01-22,03:50,1013.97,4.87,70.11,4.08,277.5,0.0
2026-01-22,04:00,1013.2,5.53,79.77,3.31,285.5,0.0
2026-01-22,04:10,1014.02,6.2,85.88,3.64,220.1,0.0
2026-01-22,04:20,1014.78,4.54,78.0,4.65,218.3,0.0
2026-01-22,04:30,1014.67,5.16,86.95,4.14,217.2,2.88
2026-01-22,04:40,1014.26,5.62,85.43,2.76,227.3,0.0
2026-01-22,04:50,1012.77,5.44,77.18,3.24,277.5,5.1
2026-01-22,05:00,1015.19,7.38,76.59,4.54,263.9,0.0
2026-01-22,05:10,1016.72,5.76,74.08,3.77,236.3,0.0
2026-01-22,05:20,1015.24,6.16,75.12,2.88,249.7,0.0
2026-01-22,05:30,1015.41,6.9,72.2,3.12,285.1,8.24
2026-01-22,05:40,1015.4,6.12,78.32,4.19,297.7,10.41
2026-01-22,05:50,1015.25,6.9,70.24,4.39,256.5,19.35
2026-01-22,06:00,1015.8,7.62,77.91,3.71,183.5,0.0
2026-01-22,06:10,1015.28,7.39,77.44,5.43,257.4,22.46
2026-01-22,06:20,1014.59,7.79,67.69,4.27,273.4,35.53
2026-01-22,06:30,1014.12,7.73,79.94,3.52,255.6,56.73
2026-01-22,06:40,1014.67,7.28,75.18,3.11,268.1,98.22
2026-01-22,06:50,1015.24,8.81,75.51,2.99,258.9,109.68
2026-01-22,07:00,1014.62,10.06,68.85,3.89,219.0,157.07
2026-01-22,07:10,1015.25,9.1,73.74,3.3,227.7,147.74
2026-01-22,07:20,1015.38,9.5,75.11,4.8,241.8,193.82
2026-01-22,07:30,1015.77,10.08,69.56,4.64,276.4,198.25
2026-01-22,07:40,1016.22,8.97,77.32,4.03,230.6,222.41
2026-01-22,07:50,1015.01,11.31,68.83,2.74,261.1,260.21
2026-01-22,08:00,1013.62,10.52,72.56,3.07,257.2,266.63
2026-01-22,08:10,1014.57,11.78,68.52,4.39,289.2,289.02
2026-01-22,08:20,1014.95,10.38,69.03,3.09,248.4,305.37
2026-01-22,08:30,1013.05,12.43,59.36,4.24,205.5,355.85
2026-01-22,08:40,1016.26,11.95,66.88,3.75,265.5,345.68
2026-01-22,08:50,1015.0,12.05,61.81,3.42,302.7,371.7
2026-01-22,09:00,1015.22,12.08,60.73,2.86,266.9,385.94
2026-01-22,09:10,1016.18,11.99,70.47,3.24,229.3,407.56
2026-01-22,09:20,1014.17,13.25,62.01,3.4,221.9,413.3
2026-01-22,09:30,1015.35,12.75,58.25,3.95,225.0,433.23
2026-01-22,09:40,1014.64,11.51,60.22,2.57,298.8,454.5
2026-01-22,09:50,1014.54,12.34,55.87,2.96,240.4,452.7
2026-01-22,10:00,1013.92,13.22,66.24,3.13,231.9,488.52
2026-01-22,10:10,1016.33,13.79,57.16,3.52,244.4,501.16
2026-01-22,10:20,1014.26,13.75,61.51,2.37,240.3,504.77
2026-01-22,10:30,1015.31,14.85,64.29,2.04,287.3,507.94
2026-01-22,10:40,1012.7,12.83,56.36,3.38,222.6,479.86
2026-01-22,10:50,1015.72,14.49,59.99,1.8,277.3,528.5
2026-01-22,11:00,1015.56,13.31,53.27,3.71,250.7,525.38
2026-01-22,11:10,1014.57,15.29,66.72,2.65,277.6,532.77
2026-01-22,11:20,1014.22,14.86,60.25,1.63,286.9,517.6
2026-01-22,11:30,1014.81,15.39,55.33,2.32,249.2,549.89
2026-01-22,11:40,1016.66,14.64,52.62,2.87,239.1,529.16
2026-01-22,11:50,1012.57,16.28,54.89,2.18,248.4,549.49
2026-01-22,12:00,1015.08,16.25,53.65,2.51,244.2,559.41
2026-01-22,12:10,1013.35,16.05,62.51,2.97,205.0,542.37
2026-01-22,12:20,1014.21,15.67,49.5,2.25,285.0,560.99
2026-01-22,12:30,1013.95,16.27,54.68,1.69,252.1,534.8
2026-01-22,12:40,1013.73,15.46,53.83,2.08,216.7,547.29
2026-01-22,12:50,1014.12,16.64,53.22,3.23,193.9,519.73
2026-01-22,13:00,1012.96,17.26,53.08,3.37,187.2,542.04
2026-01-22,13:10,1015.09,16.92,52.89,0.73,264.4,533.45
2026-01-22,13:20,1012.23,15.71,56.72,2.85,229.4,520.84
2026-01-22,13:30,1014.53,16.51,55.56,2.22,233.3,501.8
2026-01-22,13:40,1013.63,15.38,54.73,2.64,256.6,480.03
2026-01-22,13:50,1012.76,16.7,40.88,1.56,231.3,481.56
2026-01-22,14:00,1014.1,16.62,54.2,0.66,257.6,488.04
2026-01-22,14:10,1012.31,14.98,46.39,2.26,246.1,463.84
2026-01-22,14:20,1013.88,15.46,55.64,1.15,241.3,430.33
2026-01-22,14:30,1012.39,16.04,59.03,0.8,203.9,421.3
2026-01-22,14:40,1014.25,15.99,49.52,0.81,222.4,434.85
2026-01-22,14:50,1012.85,15.3,52.31,2.11,257.7,409.88
2026-01-22,15:00,1013.3,16.35,51.11,1.75,225.3,372.66
2026-01-22,15:10,1014.02,16.18,58.64,2.16,272.2,348.99
2026-01-22,15:20,1012.94,15.78,54.28,2.05,300.5,344.68
2026-01-22,15:30,1013.63,15.29,61.06,1.25,257.9,311.3
2026-01-22,15:40,1012.16,16.45,56.06,1.47,278.5,312.36
2026-01-22,15:50,1014.29,16.76,55.66,1.13,258.9,323.76
2026-01-22,16:00,1015.42,15.13,55.28,1.31,227.3,254.73
2026-01-22,16:10,1016.43,14.9,58.62,0.76,245.3,250.69
2026-01-22,16:20,1013.72,15.53,48.76,1.69,290.3,247.22
2026-01-22,16:30,1014.42,14.78,56.44,2.14,226.6,218.58
2026-01-22,16:40,1011.84,14.76,56.23,0.8,213.4,185.53
2026-01-22,16:50,1015.12,15.2,59.84,2.25,210.7,162.92
2026-01-22,17:00,1014.4,13.17,56.64,1.42,233.3,127.86
2026-01-22,17:10,1013.14,15.23,53.71,1.5,213.3,115.31
2026-01-22,17:20,1014.87,14.16,58.39,0.13,279.9,98.0
2026-01-22,17:30,1013.38,13.62,54.54,0.05,243.1,84.73
2026-01-22,17:40,1013.19,13.63,51.7,1.41,261.6,40.28
2026-01-22,17:50,1014.13,13.45,62.85,1.85,229.5,21.6
2026-01-22,18:00,1012.61,12.04,62.82,0.83,208.1,0.0
2026-01-22,18:10,1014.71,14.06,62.94,2.47,203.5,2.7
2026-01-22,18:20,1012.65,12.81,66.87,1.82,213.2,9.41
2026-01-22,18:30,1012.67,12.85,59.6,0.67,244.2,7.56
2026-01-22,18:40,1012.84,12.96,57.15,1.34,248.2,0.0
2026-01-22,18:50,1014.53,11.33,63.21,3.06,249.9,1.76
2026-01-22,19:00,1013.18,12.12,62.73,0.47,197.2,0.0
2026-01-22,19:10,1012.48,11.34,61.38,1.73,234.0,12.13
2026-01-22,19:20,1013.25,11.86,65.08,1.15,208.0,0.0
2026-01-22,19:30,1013.86,9.52,63.6,1.89,243.3,0.0
2026-01-22,19:40,1012.74,10.68,59.35,2.3,244.8,0.0
2026-01-22,19:50,1012.81,10.06,65.58,1.17,203.1,5.5
2026-01-22,20:00,1016.11,10.52,63.45,2.24,256.2,2.93
2026-01-22,20:10,1013.18,10.29,69.58,3.04,290.1,0.0
2026-01-22,20:20,1013.76,9.2,66.68,1.56,252.1,0.0
2026-01-22,20:30,1013.76,8.93,74.4,2.1,226.7,0.0
2026-01-22,20:40,1013.75,9.09,77.02,1.17,222.4,0.0
2026-01-22,20:50,1014.84,8.28,73.96,1.63,224.7,0.0
2026-01-22,21:00,1015.22,9.24,65.68,1.53,210.5,11.64
2026-01-22,21:10,1014.02,8.14,78.53,2.25,235.4,0.0
2026-01-22,21:20,1013.14,6.12,79.43,2.57,200.2,1.47
2026-01-22,21:30,1015.7,7.64,73.82,1.69,180.9,0.65
2026-01-22,21:40,1014.39,6.94,79.63,2.89,233.2,11.35
2026-01-22,21:50,1016.27,6.28,72.72,2.93,227.8,13.07
2026-01-22,22:00,1012.35,6.33,68.04,2.49,212.6,8.35
2026-01-22,22:10,1014.85,7.04,73.02,1.58,194.3,4.24
2026-01-22,22:20,1016.64,7.68,83.52,1.56,233.2,0.0
2026-01-22,22:30,1014.42,6.75,71.17,1.47,200.7,0.0
2026-01-22,22:40,1014.61,5.9,77.64,2.75,221.5,0.0
2026-01-22,22:50,1015.2,6.45,78.27,1.29,268.6,9.02
2026-01-22,23:00,1014.4,5.62,76.55,2.66,240.3,0.88
2026-01-22,23:10,1014.71,5.27,77.29,1.48,189.3,10.42
2026-01-22,23:20,1014.75,4.77,79.78,2.87,191.2,12.03
2026-01-22,23:30,1014.53,4.19,77.65,2.36,226.4,0.0
2026-01-22,23:40,1016.45,4.98,74.6,3.33,187.7,0.38
2026-01-22,23:50,1015.74,5.22,81.51,3.25,171.6,0.0
2026-01-23,00:00,1015.6,4.9,85.28,3.5,234.5,0.0
2026-01-23,00:10,1016.22,4.55,84.78,3.57,228.7,0.0
2026-01-23,00:20,1015.21,4.06,78.36,2.71,231.4,14.22
2026-01-23,00:30,1014.76,5.04,76.85,1.85,226.2,0.62
2026-01-23,00:40,1015.0,3.6,80.96,1.97,217.5,0.16
2026-01-23,00:50,1015.66,4.98,88.58,1.3,202.1,0.0
2026-01-23,01:00,1014.67,3.66,85.07,2.05,231.0,8.1
2026-01-23,01:10,1015.29,3.77,85.46,2.91,255.9,0.0
2026-01-23,01:20,1015.33,3.21,86.33,2.52,204.6,5.46
2026-01-23,01:30,1018.03,3.85,84.55,2.83,191.1,5.79
2026-01-23,01:40,1013.19,4.85,83.43,3.35,187.7,0.0
2026-01-23,01:50,1015.84,4.51,85.63,2.84,193.9,3.81
2026-01-23,02:00,1017.8,4.82,80.82,2.31,220.1,2.23
2026-01-23,02:10,1016.26,4.51,77.33,3.11,161.0,0.0
2026-01-23,02:20,1016.94,3.38,85.83,2.56,224.9,0.16
2026-01-23,02:30,1016.34,3.95,87.82,3.04,229.5,0.74
2026-01-23,02:40,1015.62,3.67,78.3,4.21,167.9,1.56
2026-01-23,02:50,1014.1,5.2,85.93,3.12,187.8,0.72
2026-01-23,03:00,1016.59,3.49,89.21,4.59,213.8,0.0
2026-01-23,03:10,1015.66,5.03,82.3,4.39,207.6,0.0
2026-01-23,03:20,1015.68,5.11,78.82,3.01,223.7,3.18
2026-01-23,03:30,1016.02,5.86,82.35,2.67,206.6,1.17
2026-01-23,03:40,1018.31,4.39,79.39,3.45,241.2,11.45
2026-01-23,03:50,1019.01,5.29,78.84,4.32,201.0,7.44
2026-01-23,04:00,1016.85,6.51,82.72,3.2,183.9,0.0
2026-01-23,04:10,1016.21,4.62,74.24,4.2,181.3,0.0
2026-01-23,04:20,1015.53,4.12,74.51,4.43,225.7,0.0
2026-01-23,04:30,1017.2,4.03,79.98,3.07,207.5,0.0
2026-01-23,04:40,1018.55,6.0,79.4,3.15,222.1,0.0
2026-01-23,04:50,1016.54,4.36,80.43,4.14,221.0,7.34
2026-01-23,05:00,1014.43,5.59,86.11,3.77,154.6,2.13
2026-01-23,05:10,1017.5,6.35,78.55,3.19,176.0,14.77
2026-01-23,05:20,1017.84,6.37,80.03,3.44,178.4,2.89
2026-01-23,05:30,1015.28,6.74,73.23,3.64,183.0,0.0
2026-01-23,05:40,1017.06,6.8,79.68,2.6,192.3,0.0
2026-01-23,05:50,1017.34,7.76,73.95,4.23,227.2,7.25
2026-01-23,06:00,1016.83,6.42,75.79,3.36,231.6,0.0
2026-01-23,06:10,1016.12,6.84,74.49,1.75,193.7,7.67
2026-01-23,06:20,1017.93,7.0,78.47,3.68,194.2,47.73
2026-01-23,06:30,1016.51,8.36,68.5,3.17,182.2,82.7
2026-01-23,06:40,1015.43,8.65,64.0,4.86,201.5,110.52
2026-01-23,06:50,1014.86,8.58,71.66,3.26,203.8,115.6
2026-01-23,07:00,1018.17,9.35,73.76,2.89,218.3,154.07
2026-01-23,07:10,1017.52,7.94,71.86,4.0,217.5,165.08
2026-01-23,07:20,1016.98,10.19,75.53,3.17,139.4,168.4
2026-01-23,07:30,1016.44,10.35,71.71,3.06,192.5,208.88
2026-01-23,07:40,1016.34,10.05,67.05,3.94,230.3,223.36
2026-01-23,07:50,1015.77,11.04,59.35,2.84,184.2,263.17
2026-01-23,08:00,1016.4,8.9,67.05,2.52,223.0,272.73
2026-01-23,08:10,1014.69,9.95,71.46,4.72,186.3,278.07
2026-01-23,08:20,1016.05,10.06,65.12,3.89,197.7,295.21
2026-01-23,08:30,1016.45,11.34,66.16,3.27,164.3,332.17
2026-01-23,08:40,1017.35,10.35,67.08,3.42,164.7,321.95
2026-01-23,08:50,1016.67,11.87,60.69,3.74,209.7,362.68
2026-01-23,09:00,1017.48,12.55,66.61,4.03,213.0,388.88
2026-01-23,09:10,1018.0,12.33,70.04,2.78,191.0,389.9
2026-01-23,09:20,1017.67,12.29,62.18,3.53,159.1,430.21
2026-01-23,09:30,1017.05,11.64,57.74,2.88,190.2,447.49
2026-01-23,09:40,1016.56,11.98,61.39,3.06,220.0,435.08
2026-01-23,09:50,1015.53,13.68,52.18,3.26,231.5,456.93
2026-01-23,10:00,1017.21,13.57,61.85,3.1,179.4,484.8
2026-01-23,10:10,1018.11,13.22,61.75,3.57,145.2,484.31
2026-01-23,10:20,1016.73,13.17,66.1,3.35,207.1,478.12
2026-01-23,10:30,1018.26,12.26,58.09,1.9,178.6,502.73
2026-01-23,10:40,1014.77,13.13,59.99,1.96,208.5,502.84
2026-01-23,10:50,1015.1,15.41,54.42,2.6,191.3,534.03
2026-01-23,11:00,1017.06,13.36,55.97,4.09,161.6,534.67
2026-01-23,11:10,1016.43,14.57,50.84,2.16,184.5,529.3
2026-01-23,11:20,1017.43,15.31,55.73,2.56,215.2,539.41
2026-01-23,11:30,1016.05,13.89,54.88,2.28,178.1,525.63
2026-01-23,11:40,1015.15,15.05,56.91,2.22,155.4,534.88
2026-01-23,11:50,1015.76,15.72,52.85,2.68,140.9,564.12
2026-01-23,12:00,1014.39,15.2,55.34,3.48,160.7,546.64
2026-01-23,12:10,1014.75,17.33,53.36,2.77,169.1,556.64
2026-01-23,12:20,1016.8,14.27,53.08,1.83,199.3,546.71
2026-01-23,12:30,1016.65,16.28,54.46,4.27,150.1,557.1
2026-01-23,12:40,1016.1,15.51,54.07,2.35,216.4,513.72
2026-01-23,12:50,1013.96,16.25,56.74,1.84,143.5,530.8
2026-01-23,13:00,1015.28,16.09,53.03,3.18,234.6,547.14
2026-01-23,13:10,1014.37,15.33,51.96,1.81,218.9,532.21
2026-01-23,13:20,1016.72,16.05,52.5,3.25,178.6,528.98
2026-01-23,13:30,1014.91,14.63,50.27,1.43,133.3,504.37
2026-01-23,13:40,1014.37,16.38,51.62,2.99,172.5,488.41
2026-01-23,13:50,1015.44,16.18,61.14,2.09,163.6,472.0
2026-01-23,14:00,1014.73,16.42,49.35,2.8,140.8,459.7
2026-01-23,14:10,1016.81,16.7,51.9,3.19,179.4,470.19
2026-01-23,14:20,1014.55,16.2,51.51,1.02,150.9,453.44
2026-01-23,14:30,1013.84,16.02,52.14,2.66,153.0,432.39
2026-01-23,14:40,1013.05,15.25,51.9,0.74,165.2,424.38
2026-01-23,14:50,1015.14,15.32,54.47,0.96,155.3,404.29
2026-01-23,15:00,1014.57,16.58,46.67,1.09,221.0,397.66
2026-01-23,15:10,1013.67,16.68,57.84,1.97,155.1,380.33
2026-01-23,15:20,1016.26,15.42,56.43,1.6,178.9,338.2
2026-01-23,15:30,1015.7,15.53,49.17,1.43,170.9,335.7
2026-01-23,15:40,1014.98,14.75,45.33,1.62,175.5,293.18
2026-01-23,15:50,1016.34,16.09,50.79,1.9,176.8,295.0
2026-01-23,16:00,1015.61,15.61,54.04,1.93,187.5,280.29
2026-01-23,16:10,1014.11,16.36,65.67,2.2,171.5,236.39
2026-01-23,16:20,1013.87,14.24,57.89,2.69,169.9,225.79
2026-01-23,16:30,1015.7,14.43,48.87,1.38,165.1,209.09
2026-01-23,16:40,1015.27,14.69,53.75,1.01,159.6,189.58
2026-01-23,16:50,1015.02,14.81,56.73,1.79,139.7,160.87
2026-01-23,17:00,1013.99,14.02,58.41,0.54,160.4,127.28
2026-01-23,17:10,1015.43,13.37,52.61,0.85,167.3,117.55
2026-01-23,17:20,1014.06,14.4,57.82,2.02,170.8,75.01
2026-01-23,17:30,1014.71,14.08,56.0,1.22,164.6,68.49
2026-01-23,17:40,1016.25,12.72,54.98,0.46,153.7,42.3
2026-01-23,17:50,1014.14,14.09,60.98,0.26,157.5,22.21
2026-01-23,18:00,1013.23,13.74,63.6,1.33,144.5,0.0
2026-01-23,18:10,1013.75,12.78,64.44,2.1,165.6,0.0
2026-01-23,18:20,1015.8,12.5,63.96,2.09,151.7,0.0
2026-01-23,18:30,1015.06,12.59,60.27,1.39,161.1,11.17
2026-01-23,18:40,1014.69,11.36,65.73,2.72,181.1,15.14
2026-01-23,18:50,1014.32,11.73,64.73,1.26,137.8,29.27
2026-01-23,19:00,1015.32,9.95,64.65,1.24,169.8,20.3
2026-01-23,19:10,1014.0,11.81,62.31,0.44,155.2,0.0
2026-01-23,19:20,1015.17,9.85,63.41,1.06,204.3,0.0
2026-01-23,19:30,1014.16,11.73,66.34,1.99,147.8,0.0
2026-01-23,19:40,1014.01,10.19,76.45,2.51,170.0,0.0
2026-01-23,19:50,1014.29,10.0,68.55,0.85,152.5,0.83
2026-01-23,20:00,1014.58,9.45,65.56,1.78,116.8,28.89
2026-01-23,20:10,1014.93,9.42,65.32,2.22,138.0,0.0
2026-01-23,20:20,1015.24,10.35,67.34,1.52,172.4,0.0
2026-01-23,20:30,1011.35,7.36,78.67,0.05,139.0,19.73
2026-01-23,20:40,1014.26,9.73,69.01,1.75,93.8,0.0
2026-01-23,20:50,1014.71,8.82,74.87,2.15,148.0,4.72
2026-01-23,21:00,1016.64,7.48,70.38,0.99,120.9,12.42
2026-01-23,21:10,1014.09,7.32,73.56,1.51,151.0,5.84
2026-01-23,21:20,1015.37,8.99,76.3,0.92,185.9,2.3
2026-01-23,21:30,1016.74,6.91,71.45,0.03,165.8,11.26
2026-01-23,21:40,1013.97,6.52,71.77,2.53,184.5,0.0
2026-01-23,21:50,1015.72,7.89,81.56,1.85,131.5,0.0
2026-01-23,22:00,1014.56,7.1,79.44,3.02,141.4,6.43
2026-01-23,22:10,1014.9,5.98,79.22,2.55,118.4,0.0
2026-01-23,22:20,1014.65,6.57,79.75,1.74,126.8,17.0
2026-01-23,22:30,1014.77,5.48,78.97,1.98,120.3,3.64
2026-01-23,22:40,1018.27,6.77,85.71,2.49,110.2,1.84
2026-01-23,22:50,1016.43,6.54,78.31,2.82,176.5,0.0
2026-01-23,23:00,1016.74,5.98,80.92,2.42,89.6,0.0
2026-01-23,23:10,1016.18,5.67,73.26,3.01,175.6,0.0
2026-01-23,23:20,1014.13,6.48,76.19,2.08,172.0,9.69
2026-01-23,23:30,1016.18,5.08,75.1,1.65,152.8,0.0
2026-01-23,23:40,1016.9,4.1,85.38,2.35,112.0,9.46
2026-01-23,23:50,1015.02,5.09,70.44,2.59,99.8,0.0
2026-01-24,00:00,1016.89,6.1,79.38,1.66,125.1,0.0
2026-01-24,00:10,1016.68,3.8,69.33,1.62,154.0,3.04
2026-01-24,00:20,1017.87,4.14,78.27,2.92,137.9,3.23
2026-01-24,00:30,1015.65,4.58,79.89,2.37,111.3,0.0
2026-01-24,00:40,1015.02,4.15,87.63,2.59,165.6,7.5
2026-01-24,00:50,1015.8,3.41,83.89,2.51,178.5,0.0
2026-01-24,01:00,1017.64,4.81,79.16,3.88,130.3,0.0
2026-01-24,01:10,1014.43,5.58,86.91,3.74,138.2,1.84
2026-01-24,01:20,1014.23,4.04,82.84,2.04,97.3,0.0
2026-01-24,01:30,1016.43,3.23,83.02,2.59,124.2,0.0
2026-01-24,01:40,1015.94,2.75,78.13,3.6,146.8,9.1
2026-01-24,01:50,1016.43,4.0,79.03,3.48,142.5,0.0
2026-01-24,02:00,1017.41,4.58,79.7,3.07,120.5,0.0
2026-01-24,02:10,1015.95,4.14,83.17,2.35,125.9,1.84
2026-01-24,02:20,1014.67,3.82,83.25,2.71,121.1,0.24
2026-01-24,02:30,1018.62,3.44,89.05,2.87,124.9,14.03
2026-01-24,02:40,1015.62,3.12,84.31,3.47,142.0,0.0
2026-01-24,02:50,1015.59,4.52,71.81,4.5,81.7,5.13
2026-01-24,03:00,1017.78,4.64,83.54,2.87,128.6,0.0
2026-01-24,03:10,1016.33,2.99,76.51,2.67,138.8,7.36
2026-01-24,03:20,1016.67,5.26,78.23,3.34,115.4,16.72
2026-01-24,03:30,1017.25,4.64,78.61,4.17,117.2,1.65
2026-01-24,03:40,1017.87,5.33,78.94,2.47,117.5,9.38
2026-01-24,03:50,1016.48,3.52,75.8,4.53,116.4,17.46
2026-01-24,04:00,1018.35,3.63,81.8,3.42,128.1,16.29
2026-01-24,04:10,1014.71,4.61,75.01,3.05,130.8,0.0
2026-01-24,04:20,1017.63,5.21,81.71,2.47,74.7,12.44
2026-01-24,04:30,1016.04,6.27,88.85,4.1,143.1,2.99
2026-01-24,04:40,1018.26,5.67,74.17,3.51,119.1,13.41
2026-01-24,04:50,1017.04,5.17,77.92,3.76,174.3,6.82
2026-01-24,05:00,1016.24,4.81,68.51,3.03,95.8,3.31
2026-01-24,05:10,1017.58,6.57,76.93,3.45,103.5,5.21
2026-01-24,05:20,1017.81,5.23,80.21,3.34,119.8,3.06
2026-01-24,05:30,1017.56,7.25,80.01,3.62,134.8,3.53
2026-01-24,05:40,1015.88,6.12,76.91,3.23,75.3,0.0
2026-01-24,05:50,1016.43,7.64,79.62,2.62,103.0,0.0
2026-01-24,06:00,1016.9,7.23,85.68,5.61,138.2,21.16
2026-01-24,06:10,1016.85,6.88,81.78,2.74,99.3,29.61
2026-01-24,06:20,1017.63,6.85,72.25,3.82,156.9,40.84
2026-01-24,06:30,1014.85,7.21,67.94,2.45,111.0,68.14
2026-01-24,06:40,1017.19,7.99,71.51,2.28,99.5,107.76
2026-01-24,06:50,1016.54,7.99,68.72,3.74,136.9,109.68
2026-01-24,07:00,1015.97,7.77,73.69,3.78,161.5,123.95
2026-01-24,07:10,1016.05,8.32,66.52,4.53,131.4,147.77
2026-01-24,07:20,1016.55,8.75,70.31,3.91,152.1,166.56
2026-01-24,07:30,1013.13,7.46,73.31,3.5,162.2,194.01
2026-01-24,07:40,1016.0,9.53,68.9,2.92,97.0,217.31
2026-01-24,07:50,1015.8,8.78,64.87,4.61,143.1,269.54
2026-01-24,08:00,1017.17,8.92,72.7,4.19,81.3,273.33
2026-01-24,08:10,1015.8,8.8,59.83,2.64,129.7,289.98
2026-01-24,08:20,1016.35,8.99,65.38,3.51,117.0,296.91
2026-01-24,08:30,1018.06,9.55,65.88,3.55,149.6,331.8
2026-01-24,08:40,1017.47,10.26,65.46,3.18,147.5,331.33
2026-01-24,08:50,1017.34,12.38,65.48,3.93,132.2,365.74
2026-01-24,09:00,1015.89,10.9,66.56,3.93,125.1,412.24
2026-01-24,09:10,1016.88,11.64,63.35,3.18,130.1,411.99
2026-01-24,09:20,1016.06,12.04,61.4,3.07,118.6,417.29
2026-01-24,09:30,1016.04,12.09,60.63,4.28,115.3,443.18
2026-01-24,09:40,1016.6,12.19,59.21,3.84,152.6,442.71
2026-01-24,09:50,1015.54,11.64,64.22,3.2,155.4,452.67
2026-01-24,10:00,1017.57,13.72,57.91,1.96,112.5,495.16
2026-01-24,10:10,1015.86,14.19,63.33,3.29,121.7,472.54
2026-01-24,10:20,1016.58,11.96,59.47,3.5,117.6,492.6
2026-01-24,10:30,1017.36,12.63,56.78,1.03,75.0,510.19
2026-01-24,10:40,1016.88,13.35,60.83,3.09,106.7,503.98
2026-01-24,10:50,1014.38,13.07,54.96,2.57,154.9,530.74
2026-01-24,11:00,1016.17,14.28,59.95,2.66,95.9,525.99
2026-01-24,11:10,1016.51,13.6,57.79,2.12,167.3,543.35
2026-01-24,11:20,1016.49,15.79,54.12,2.6,143.5,547.12
2026-01-24,11:30,1014.42,15.27,58.21,3.63,124.1,540.84
2026-01-24,11:40,1014.82,14.74,57.9,2.29,127.8,566.93
2026-01-24,11:50,1016.4,15.46,59.98,3.23,90.7,540.02
2026-01-24,12:00,1014.58,15.64,58.87,1.94,106.8,564.74
2026-01-24,12:10,1014.98,14.6,56.66,2.98,149.3,562.17
2026-01-24,12:20,1016.79,14.54,49.9,2.4,97.7,567.79
2026-01-24,12:30,1015.11,15.27,63.94,2.59,139.4,546.06
2026-01-24,12:40,1014.36,15.91,48.29,2.3,78.3,530.9
2026-01-24,12:50,1014.15,15.48,57.49,2.69,82.6,560.65
2026-01-24,13:00,1015.3,14.35,55.24,0.39,159.9,526.06
2026-01-24,13:10,1013.57,14.96,48.66,1.15,111.9,513.65
2026-01-24,13:20,1014.59,15.51,52.73,2.38,98.6,513.47
2026-01-24,13:30,1015.11,15.55,52.81,0.61,146.0,495.32
2026-01-24,13:40,1016.02,17.01,58.28,1.62,142.9,503.81
2026-01-24,13:50,1015.33,14.68,50.16,1.91,134.7,479.67
2026-01-24,14:00,1013.89,16.0,51.95,1.32,97.3,472.0
2026-01-24,14:10,1015.72,16.68,43.67,1.37,104.2,474.67
2026-01-24,14:20,1014.19,17.21,60.0,2.0,119.1,457.26
2026-01-24,14:30,1013.19,15.31,48.85,2.48,128.5,435.83
2026-01-24,14:40,1014.2,15.89,54.54,1.06,98.4,422.73
2026-01-24,14:50,1015.76,15.9,52.95,1.29,115.2,405.05
2026-01-24,15:00,1014.44,15.57,53.12,1.14,117.5,383.19
2026-01-24,15:10,1014.24,15.29,56.93,0.08,142.9,371.05
2026-01-24,15:20,1015.81,15.58,60.59,1.68,129.5,358.98
2026-01-24,15:30,1012.7,13.4,55.15,2.2,72.9,332.91
2026-01-24,15:40,1012.8,15.54,57.03,2.23,105.2,320.16
2026-01-24,15:50,1012.43,15.04,56.01,0.88,87.2,285.17
2026-01-24,16:00,1014.37,14.66,59.08,0.58,124.6,267.49
2026-01-24,16:10,1014.13,16.12,53.5,1.45,133.4,244.93
2026-01-24,16:20,1015.47,14.06,60.01,1.99,112.8,225.47
2026-01-24,16:30,1014.13,14.1,60.54,1.5,103.5,225.77
2026-01-24,16:40,1013.45,15.61,60.84,1.57,111.9,196.7
2026-01-24,16:50,1013.83,13.46,54.3,2.15,115.4,152.37
2026-01-24,17:00,1013.92,13.47,56.72,0.82,94.1,147.53
2026-01-24,17:10,1012.1,13.56,58.82,1.17,79.6,114.3
2026-01-24,17:20,1016.46,14.05,52.87,2.46,58.8,87.29
2026-01-24,17:30,1014.24,13.4,65.25,1.17,141.7,53.94
2026-01-24,17:40,1013.91,12.14,59.35,0.42,122.4,59.59
2026-01-24,17:50,1014.3,12.45,61.08,0.83,119.1,7.62
2026-01-24,18:00,1014.38,12.17,58.19,0.64,141.6,0.0
2026-01-24,18:10,1013.52,12.31,55.77,1.55,78.6,0.0
2026-01-24,18:20,1013.01,12.43,59.24,0.68,66.6,9.31
2026-01-24,18:30,1014.24,12.18,63.14,1.5,119.6,0.0
2026-01-24,18:40,1014.02,10.4,65.56,0.8,117.4,0.0
2026-01-24,18:50,1012.82,12.14,64.14,0.16,66.8,0.0
2026-01-24,19:00,1015.04,11.32,65.5,1.56,119.1,3.63
2026-01-24,19:10,1013.92,11.85,63.41,1.46,100.1,0.16
2026-01-24,19:20,1014.35,10.94,67.38,1.73,90.0,0.0
2026-01-24,19:30,1015.02,11.14,71.97,0.92,101.9,0.0
2026-01-24,19:40,1013.66,10.43,69.51,0.87,49.2,0.0
2026-01-24,19:50,1013.96,10.78,70.58,1.72,95.5,0.0
2026-01-24,20:00,1014.46,9.94,69.18,2.52,92.8,8.62
2026-01-24,20:10,1012.94,9.24,62.64,1.5,124.4,0.0
2026-01-24,20:20,1013.73,10.64,65.13,1.81,106.6,0.0
2026-01-24,20:30,1013.82,9.41,71.78,1.32,126.6,0.0
2026-01-24,20:40,1012.75,8.93,70.56,0.5,46.9,0.0
2026-01-24,20:50,1016.04,7.37,73.01,2.29,89.8,0.0
2026-01-24,21:00,1012.34,7.11,78.59,2.29,124.8,10.66
2026-01-24,21:10,1012.47,7.96,75.41,2.19,103.2,0.0
2026-01-24,21:20,1015.11,7.61,78.17,1.6,132.2,4.81
2026-01-24,21:30,1014.53,6.83,74.12,2.19,66.1,0.0
2026-01-24,21:40,1012.82,7.12,71.11,2.44,129.6,7.67
2026-01-24,21:50,1014.48,7.9,74.69,2.99,95.4,0.0
2026-01-24,22:00,1015.37,7.04,72.28,2.59,93.1,0.0
2026-01-24,22:10,1013.9,5.53,82.29,1.99,136.4,0.0
2026-01-24,22:20,1016.56,6.03,79.77,1.08,140.8,22.01
2026-01-24,22:30,1012.27,5.33,79.21,2.15,137.8,21.48
2026-01-24,22:40,1014.72,5.42,82.59,2.27,163.0,5.84
2026-01-24,22:50,1015.22,5.2,70.05,2.64,143.9,0.0
2026-01-24,23:00,1014.98,4.96,80.96,3.14,92.5,3.65
2026-01-24,23:10,1013.92,4.24,73.82,2.17,116.1,3.8
2026-01-24,23:20,1013.87,4.85,79.46,3.76,103.7,0.0
2026-01-24,23:30,1014.64,4.38,78.65,1.11,163.6,5.29
2026-01-24,23:40,1015.05,2.57,82.93,2.69,140.7,2.5
2026-01-24,23:50,1014.87,5.91,81.56,1.89,108.5,0.0
2026-01-25,00:00,1015.34,5.1,86.37,1.16,135.4,0.0
2026-01-25,00:10,1013.32,3.94,78.9,2.41,82.8,0.0
2026-01-25,00:20,1014.14,4.1,84.43,1.58,120.1,9.59
2026-01-25,00:30,1013.47,3.16,82.51,2.54,90.6,0.0
2026-01-25,00:40,1014.06,5.07,75.55,2.73,72.0,3.6
2026-01-25,00:50,1015.49,5.13,78.63,3.54,134.0,0.0
2026-01-25,01:00,1014.62,3.83,81.89,1.76,137.4,0.0
2026-01-25,01:10,1017.15,4.38,87.09,3.5,126.3,0.0
2026-01-25,01:20,1014.77,3.73,84.63,2.98,110.5,0.0
2026-01-25,01:30,1014.67,2.63,78.2,3.68,83.7,0.0
2026-01-25,01:40,1014.74,3.25,82.38,2.7,86.5,14.47
2026-01-25,01:50,1014.03,3.61,91.06,2.12,91.6,0.0
2026-01-25,02:00,1014.64,3.19,83.44,2.25,110.2,0.0
2026-01-25,02:10,1015.85,3.36,81.68,2.24,143.2,19.42
2026-01-25,02:20,1014.86,3.46,84.91,3.52,143.1,9.78
2026-01-25,02:30,1013.98,3.5,85.93,4.26,75.6,0.0
2026-01-25,02:40,1013.87,3.63,80.95,2.88,99.8,5.13
2026-01-25,02:50,1014.37,2.9,84.65,3.75,99.4,0.0
2026-01-25,03:00,1014.91,3.2,81.17,2.28,54.3,0.0
2026-01-25,03:10,1016.05,2.87,85.18,3.51,132.1,5.7
2026-01-25,03:20,1013.53,4.54,82.77,3.89,112.0,0.0
2026-01-25,03:30,1014.57,2.47,83.79,2.44,115.7,0.91
2026-01-25,03:40,1015.05,4.86,78.56,3.34,152.4,12.26
2026-01-25,03:50,1013.08,5.14,78.02,4.01,121.3,10.93
2026-01-25,04:00,1014.09,4.08,84.77,1.49,108.6,0.0
2026-01-25,04:10,1014.25,2.6,80.33,4.5,134.0,5.83
2026-01-25,04:20,1014.14,4.31,81.43,3.84,146.5,0.0
2026-01-25,04:30,1015.13,4.68,78.67,4.11,127.7,5.4
2026-01-25,04:40,1014.78,4.17,83.09,3.34,137.9,1.78
2026-01-25,04:50,1014.38,4.69,76.63,2.44,117.3,4.55
2026-01-25,05:00,1015.36,6.3,78.06,4.03,119.2,0.0
2026-01-25,05:10,1016.65,5.89,81.28,3.61,124.5,25.01
2026-01-25,05:20,1016.56,4.97,82.33,3.7,103.1,0.0
2026-01-25,05:30,1012.99,4.7,75.04,4.45,108.1,11.66
2026-01-25,05:40,1015.48,5.8,84.44,4.23,157.1,0.0
2026-01-25,05:50,1014.71,6.09,77.31,5.04,173.2,6.05
2026-01-25,06:00,1015.02,6.81,71.33,3.81,163.2,6.91
2026-01-25,06:10,1014.45,6.32,76.4,3.22,90.6,24.82
2026-01-25,06:20,1014.94,7.28,72.81,3.56,88.6,42.33
2026-01-25,06:30,1014.95,8.52,75.48,3.98,94.7,74.0
2026-01-25,06:40,1014.2,7.98,72.96,4.39,128.2,99.41
2026-01-25,06:50,1013.85,7.62,72.81,2.64,55.0,141.4
2026-01-25,07:00,1014.27,7.77,68.24,3.67,110.9,132.95
2026-01-25,07:10,1014.92,7.9,75.21,4.77,161.2,159.98
2026-01-25,07:20,1035.0,9.24,65.98,3.46,150.9,192.99
2026-01-25,07:30,1015.46,8.23,65.52,4.26,114.0,209.06
2026-01-25,07:40,1014.08,8.96,70.78,3.93,116.3,233.1
2026-01-25,07:50,1014.81,9.22,75.07,4.23,141.8,268.86
2026-01-25,08:00,1015.45,9.09,66.59,2.97,151.4,243.42
2026-01-25,08:10,1015.61,8.74,70.15,2.95,115.1,290.8
2026-01-25,08:20,1014.33,10.19,70.99,3.5,122.9,297.22
2026-01-25,08:30,1014.12,10.18,69.3,2.38,115.1,323.34
2026-01-25,08:40,1014.48,10.83,64.15,3.23,96.4,385.46
2026-01-25,08:50,1013.09,10.36,60.39,3.56,124.6,382.02
2026-01-25,09:00,1013.99,11.84,55.29,4.6,123.1,403.8
2026-01-25,09:10,1014.87,10.62,62.44,3.59,99.4,408.2
2026-01-25,09:20,1014.71,12.68,67.58,3.71,147.5,434.29
2026-01-25,09:30,1013.74,10.5,57.76,4.05,143.9,419.19
2026-01-25,09:40,1014.17,12.27,64.46,2.51,149.7,467.23
2026-01-25,09:50,1013.06,12.53,57.27,3.03,113.5,458.44
2026-01-25,10:00,1014.53,11.87,60.92,4.8,83.6,474.53
2026-01-25,10:10,1013.68,12.94,62.77,3.0,145.3,498.68
2026-01-25,10:20,1013.42,13.76,56.76,3.79,117.5,507.19
2026-01-25,10:30,1013.27,11.52,59.55,3.63,112.3,514.23
2026-01-25,10:40,1013.5,13.63,56.7,1.88,103.6,505.71
2026-01-25,10:50,1013.04,11.72,60.69,3.08,128.6,531.12
2026-01-25,11:00,1014.08,12.98,58.33,2.91,175.4,548.3
2026-01-25,11:10,1012.96,14.98,57.17,2.99,123.8,536.21
2026-01-25,11:20,1014.88,13.6,62.74,2.18,109.7,563.17
2026-01-25,11:30,1014.68,13.35,58.75,1.87,153.7,540.68
2026-01-25,11:40,1012.25,14.18,52.95,2.27,142.2,553.94
2026-01-25,11:50,1013.14,15.91,55.01,2.48,85.4,573.94
2026-01-25,12:00,1012.35,13.32,54.71,3.33,155.4,547.94
2026-01-25,12:10,1012.6,13.99,55.02,3.72,192.6,568.3
2026-01-25,12:20,1014.86,15.89,64.5,3.37,74.8,577.83
2026-01-25,12:30,1012.48,16.24,55.63,2.95,109.5,553.62
2026-01-25,12:40,1013.08,14.97,45.76,1.59,69.6,541.62
2026-01-25,12:50,1013.19,14.25,51.52,1.95,139.5,534.0
2026-01-25,13:00,1011.58,16.66,45.78,2.34,166.6,553.23
2026-01-25,13:10,1011.65,16.37,52.04,1.7,145.0,546.16
2026-01-25,13:20,1011.23,15.78,45.28,2.49,177.7,540.5
2026-01-25,13:30,1011.49,14.77,49.64,2.55,164.2,513.97
2026-01-25,13:40,1009.46,15.33,46.97,2.37,186.5,517.1
2026-01-25,13:50,1012.78,15.27,54.55,2.66,173.5,493.38
2026-01-25,14:00,1014.23,15.62,53.0,1.27,134.9,471.75
2026-01-25,14:10,1012.26,16.4,54.23,2.51,147.2,483.29
2026-01-25,14:20,1010.63,15.98,52.64,1.32,124.3,475.96
2026-01-25,14:30,1011.35,14.58,47.55,1.11,140.8,429.79
2026-01-25,14:40,1011.47,16.25,55.28,2.1,148.7,414.41
2026-01-25,14:50,1010.85,15.46,61.04,2.54,145.6,411.38
2026-01-25,15:00,1012.68,15.65,55.15,1.99,181.8,405.61
2026-01-25,15:10,1012.57,16.13,51.99,1.63,140.5,363.02
2026-01-25,15:20,1010.55,14.24,48.19,1.8,126.0,361.11
2026-01-25,15:30,1012.38,14.89,50.51,1.64,128.1,332.37
2026-01-25,15:40,1013.13,14.44,56.22,0.73,166.8,328.29
2026-01-25,15:50,1013.46,13.6,58.99,0.62,115.9,290.11
2026-01-25,16:00,1014.38,14.81,56.05,1.41,146.5,288.18
2026-01-25,16:10,1010.57,16.19,58.55,1.49,185.3,255.72
2026-01-25,16:20,1014.25,12.99,58.54,1.42,160.0,224.57
2026-01-25,16:30,1011.03,14.1,58.13,1.86,151.3,214.33
2026-01-25,16:40,1010.76,14.41,53.88,1.22,152.9,167.64
2026-01-25,16:50,1011.64,13.87,57.64,1.75,128.6,161.15
2026-01-25,17:00,1010.7,13.52,54.0,1.24,133.5,148.55
2026-01-25,17:10,1011.65,12.5,57.94,2.6,150.6,99.59
2026-01-25,17:20,1009.9,13.38,59.68,1.37,162.8,66.12
2026-01-25,17:30,1010.96,12.48,65.58,2.95,180.3,44.83
2026-01-25,17:40,1012.46,11.26,54.16,1.55,159.5,64.61
2026-01-25,17:50,1011.09,13.41,61.87,1.15,191.6,23.45
2026-01-25,18:00,1011.27,13.02,66.42,0.67,198.5,0.0
2026-01-25,18:10,1011.59,12.16,64.11,0.29,178.8,11.34
2026-01-25,18:20,1012.27,12.05,64.99,0.61,190.2,0.0
2026-01-25,18:30,1009.43,12.4,64.61,0.69,135.4,3.22
2026-01-25,18:40,1011.66,11.56,68.06,1.59,132.0,0.31
2026-01-25,18:50,1010.8,11.78,59.14,0.96,174.2,0.0
2026-01-25,19:00,1011.23,10.69,58.57,1.47,128.4,3.53
2026-01-25,19:10,1012.12,11.56,64.73,2.25,155.2,9.28
2026-01-25,19:20,1009.87,10.61,56.75,1.31,182.3,0.0
2026-01-25,19:30,1010.05,10.26,70.96,2.85,199.0,0.0
2026-01-25,19:40,1009.13,8.97,71.58,0.59,157.9,0.0
2026-01-25,19:50,1010.52,9.8,65.61,1.33,148.6,0.0
2026-01-25,20:00,1012.41,8.75,66.52,1.08,173.5,3.4
2026-01-25,20:10,1010.97,8.63,68.36,2.14,139.2,0.0
2026-01-25,20:20,1009.76,8.24,69.52,0.05,162.3,7.56
2026-01-25,20:30,1010.62,7.8,70.47,0.54,167.0,0.0
2026-01-25,20:40,1009.64,9.78,72.84,1.51,167.1,1.26
2026-01-25,20:50,1010.02,8.96,70.56,2.7,170.7,8.4
2026-01-25,21:00,1011.55,9.12,75.66,1.81,148.2,0.0
2026-01-25,21:10,1010.01,6.67,74.29,0.74,151.5,4.43
2026-01-25,21:20,1012.32,7.32,70.7,0.89,151.6,3.21
2026-01-25,21:30,1011.15,6.12,79.08,2.94,130.4,0.0
2026-01-25,21:40,1011.34,6.3,68.91,1.38,180.0,0.0
2026-01-25,21:50,1011.0,5.91,74.56,1.2,194.4,7.14
2026-01-25,22:00,1012.08,7.19,79.37,2.93,192.6,8.44
2026-01-25,22:10,1012.12,5.82,73.17,2.65,166.7,1.36
2026-01-25,22:20,1011.7,6.63,77.84,2.88,153.6,0.0
2026-01-25,22:30,1011.96,6.09,79.3,1.38,193.1,0.0
2026-01-25,22:40,1011.21,7.07,74.2,1.02,191.1,0.0
2026-01-25,22:50,1012.0,4.23,77.84,2.23,181.2,8.26
2026-01-25,23:00,1011.15,5.95,77.98,2.42,219.9,0.0
2026-01-25,23:10,1011.53,5.69,76.85,2.5,176.3,0.0
2026-01-25,23:20,1011.28,4.03,88.7,3.33,171.1,0.0
2026-01-25,23:30,1011.14,5.26,76.85,1.13,168.2,0.0
2026-01-25,23:40,1010.94,4.63,84.31,3.0,139.8,0.0
2026-01-25,23:50,1012.13,4.09,79.08,1.68,195.9,0.0
2026-01-26,00:00,1013.01,3.53,76.64,3.1,177.4,0.0
2026-01-26,00:10,1012.9,3.48,81.72,2.22,193.4,0.0
2026-01-26,00:20,1010.51,5.3,84.19,2.03,227.3,0.0
2026-01-26,00:30,1013.09,3.76,85.54,2.23,172.1,0.0
2026-01-26,00:40,1011.52,4.21,88.34,1.7,124.0,5.95
2026-01-26,00:50,1012.48,3.03,94.09,2.79,195.1,0.0
2026-01-26,01:00,1011.0,2.96,83.49,2.27,187.8,1.08
2026-01-26,01:10,1012.08,4.2,79.99,3.41,166.0,0.0
2026-01-26,01:20,1012.29,2.44,84.58,3.36,194.8,0.0
2026-01-26,01:30,1010.52,3.06,81.81,4.14,205.1,3.57
2026-01-26,01:40,1012.65,3.34,86.65,3.26,162.4,2.82
2026-01-26,01:50,1013.42,3.38,77.8,3.42,179.2,0.0
2026-01-26,02:00,1011.93,3.17,92.47,4.08,224.2,0.0
2026-01-26,02:10,1013.49,3.58,86.41,2.71,169.9,0.0
2026-01-26,02:20,1011.97,3.8,76.21,2.15,190.2,16.83
2026-01-26,02:30,1013.03,3.86,80.04,3.37,123.5,8.25
2026-01-26,02:40,1009.99,2.69,86.04,2.28,152.7,7.82
2026-01-26,02:50,1014.65,3.23,87.35,5.03,194.3,0.0
2026-01-26,03:00,1013.75,4.33,77.4,4.37,221.7,0.0
2026-01-26,03:10,1011.99,4.19,85.16,4.9,157.5,0.0
2026-01-26,03:20,1010.32,2.69,74.31,3.46,194.0,0.0
2026-01-26,03:30,1012.6,3.99,81.5,3.84,183.4,10.68
2026-01-26,03:40,1010.88,2.46,86.04,3.16,217.2,17.45
2026-01-26,03:50,1012.78,3.99,79.1,4.13,163.5,24.74
2026-01-26,04:00,1012.76,5.41,74.96,2.69,205.3,0.0
2026-01-26,04:10,1011.42,3.56,81.24,1.78,178.8,1.41
2026-01-26,04:20,1013.49,3.78,77.87,3.03,201.3,15.87
2026-01-26,04:30,1013.18,5.05,82.42,2.59,198.1,0.0
2026-01-26,04:40,1013.35,3.6,75.95,4.66,190.6,0.0
2026-01-26,04:50,1012.39,4.41,75.97,4.92,209.5,0.0
2026-01-26,05:00,1010.96,5.45,70.52,2.68,199.2,13.59
2026-01-26,05:10,1013.35,4.78,78.81,4.58,195.4,0.0
2026-01-26,05:20,1012.1,5.25,77.0,4.35,190.4,0.0
2026-01-26,05:30,1010.97,6.14,72.38,2.59,201.8,3.41
2026-01-26,05:40,1013.71,6.12,77.38,3.42,206.0,1.84
2026-01-26,05:50,1014.44,6.23,80.17,3.29,176.3,2.02
2026-01-26,06:00,1012.29,6.03,74.64,4.22,192.9,0.0
2026-01-26,06:10,1014.47,6.76,76.0,2.84,175.8,44.11
2026-01-26,06:20,1012.39,6.64,75.43,3.63,201.8,47.64
2026-01-26,06:30,1011.9,7.29,68.92,3.21,188.6,93.2
2026-01-26,06:40,1011.62,6.87,81.36,4.01,223.2,104.92
2026-01-26,06:50,1013.87,7.33,70.63,3.52,221.3,126.58
2026-01-26,07:00,1011.42,7.02,74.51,3.28,182.0,144.99
2026-01-26,07:10,1012.91,7.94,74.32,3.5,205.6,181.75
2026-01-26,07:20,1011.58,7.65,70.05,5.05,222.2,194.81
2026-01-26,07:30,1011.65,7.7,72.39,3.32,202.4,205.31
2026-01-26,07:40,1013.1,8.92,70.29,2.86,189.1,227.54
2026-01-26,07:50,1011.66,9.15,62.98,3.97,180.6,266.38
2026-01-26,08:00,1011.59,9.81,66.67,3.44,229.8,272.11
2026-01-26,08:10,1013.09,9.22,64.9,2.52,231.6,303.42
2026-01-26,08:20,1013.51,10.07,64.85,5.05,204.4,337.44
2026-01-26,08:30,1012.52,10.42,60.83,3.21,229.3,348.38
2026-01-26,08:40,1011.17,10.61,69.9,3.15,136.6,355.4
2026-01-26,08:50,1011.27,9.97,71.16,3.5,244.4,399.63
2026-01-26,09:00,1011.81,10.91,68.03,4.56,207.9,407.21
2026-01-26,09:10,1012.0,11.31,68.57,2.13,215.9,430.01
2026-01-26,09:20,1010.64,11.31,61.49,3.46,204.9,406.96
2026-01-26,09:30,1012.29,10.09,59.71,4.69,248.3,453.7
2026-01-26,09:40,1011.6,11.9,58.55,3.28,187.4,474.54
2026-01-26,09:50,1009.74,13.57,63.65,2.28,251.3,498.66
2026-01-26,10:00,1010.47,12.0,61.41,2.67,224.9,473.61
2026-01-26,10:10,1010.84,11.96,59.63,3.2,231.1,517.64
2026-01-26,10:20,1011.21,12.95,64.58,3.94,207.8,533.93
2026-01-26,10:30,1013.11,13.12,60.49,2.72,183.9,500.05
2026-01-26,10:40,1011.4,13.94,55.0,3.49,240.4,539.07
2026-01-26,10:50,1010.26,12.42,55.14,1.86,225.4,548.79
2026-01-26,11:00,1011.26,14.0,60.12,1.8,252.2,544.48
2026-01-26,11:10,1010.62,14.08,61.11,2.42,213.8,548.51
2026-01-26,11:20,1011.24,13.74,58.72,3.71,208.7,567.33
2026-01-26,11:30,1011.43,14.24,63.69,2.7,254.4,555.81
2026-01-26,11:40,1011.99,14.88,62.25,2.81,267.9,563.38
2026-01-26,11:50,1010.69,14.91,57.11,2.75,220.9,577.45
2026-01-26,12:00,1012.29,13.64,51.66,3.28,202.3,589.39
2026-01-26,12:10,1011.5,15.13,49.45,2.02,241.9,574.36
2026-01-26,12:20,1009.82,14.63,52.86,2.88,215.8,567.98
2026-01-26,12:30,1012.67,14.83,57.15,1.76,237.6,557.58
2026-01-26,12:40,1010.73,14.93,61.21,3.68,216.6,547.98
2026-01-26,12:50,1009.5,14.85,55.36,1.68,262.7,568.68
2026-01-26,13:00,1011.93,15.86,58.19,1.57,206.6,547.72
2026-01-26,13:10,1012.29,15.03,52.37,2.52,236.5,556.52
2026-01-26,13:20,1010.12,14.36,55.72,2.15,212.8,530.87
2026-01-26,13:30,1009.59,14.91,56.42,2.27,218.4,518.13
2026-01-26,13:40,1009.86,15.33,45.14,2.15,215.6,521.06
2026-01-26,13:50,1010.69,16.09,51.36,1.18,244.8,504.2
2026-01-26,14:00,1011.2,15.65,56.8,3.03,249.8,478.79
2026-01-26,14:10,1010.44,14.63,54.11,2.48,241.2,502.26
2026-01-26,14:20,1009.91,16.95,48.27,2.76,225.0,459.2
2026-01-26,14:30,1011.26,15.36,43.41,1.4,231.7,463.24
2026-01-26,14:40,1009.4,16.03,51.76,2.02,251.1,446.73
2026-01-26,14:50,1010.69,14.98,53.07,1.83,252.3,405.19
2026-01-26,15:00,1009.32,15.4,49.98,2.44,162.2,391.15
2026-01-26,15:10,1010.0,15.54,54.27,2.43,223.1,381.66
2026-01-26,15:20,1009.41,15.72,55.93,1.72,224.7,356.25
2026-01-26,15:30,1009.42,15.51,56.82,0.49,247.5,368.01
2026-01-26,15:40,1009.06,15.27,44.98,2.76,229.5,324.88
2026-01-26,15:50,1010.74,14.33,49.44,1.88,249.6,317.31
2026-01-26,16:00,1008.63,14.02,53.79,1.03,205.1,291.57
2026-01-26,16:10,1008.59,14.52,57.64,1.72,238.9,266.78
2026-01-26,16:20,1011.42,14.79,57.67,0.35,255.3,241.8
2026-01-26,16:30,1010.24,13.83,57.99,2.13,196.4,233.4
2026-01-26,16:40,1006.85,14.56,54.98,0.34,296.5,185.47
2026-01-26,16:50,1008.65,14.66,55.63,1.2,263.8,192.52
2026-01-26,17:00,1007.38,12.82,54.48,1.51,234.4,132.45
2026-01-26,17:10,1008.22,12.69,60.94,2.06,214.1,133.08
2026-01-26,17:20,1006.01,12.98,54.68,1.39,230.8,82.4
2026-01-26,17:30,1009.0,13.09,62.27,1.75,237.6,70.84
2026-01-26,17:40,1007.98,12.29,60.23,1.28,246.9,50.96
2026-01-26,17:50,1009.17,13.39,59.76,1.28,273.8,19.11
2026-01-26,18:00,1007.47,12.51,57.87,1.36,224.7,0.0
2026-01-26,18:10,1009.17,12.02,55.65,1.17,251.1,0.0
2026-01-26,18:20,1008.67,10.75,59.07,0.12,205.0,0.0
2026-01-26,18:30,1010.59,10.59,60.94,0.77,227.3,5.98
2026-01-26,18:40,1010.5,11.46,53.39,1.49,247.5,0.36
2026-01-26,18:50,1009.87,9.53,62.7,1.15,255.7,0.0
2026-01-26,19:00,1008.76,11.48,67.82,1.23,219.9,15.89
2026-01-26,19:10,1011.08,10.4,67.02,1.13,228.0,0.0
2026-01-26,19:20,1007.55,12.53,63.41,0.77,275.9,0.0
2026-01-26,19:30,1007.72,11.61,66.23,1.05,268.7,0.0
2026-01-26,19:40,1009.05,9.61,64.47,1.2,245.2,7.38
2026-01-26,19:50,1011.4,9.4,67.94,1.44,184.4,0.58
2026-01-26,20:00,1008.97,9.91,74.16,1.74,303.4,0.0
2026-01-26,20:10,1009.01,10.14,72.53,1.36,240.4,0.0
2026-01-26,20:20,1007.77,7.54,71.39,0.8,233.4,10.38
2026-01-26,20:30,1010.18,7.18,67.99,0.57,228.5,0.0
2026-01-26,20:40,1010.21,7.73,73.6,3.4,251.2,1.39
2026-01-26,20:50,1010.08,8.32,64.5,0.82,251.8,0.0
2026-01-26,21:00,1008.69,8.0,70.87,1.29,266.1,0.0
2026-01-26,21:10,1008.64,8.15,74.85,2.05,219.5,17.99
2026-01-26,21:20,1008.09,6.32,76.09,1.98,235.1,0.0
2026-01-26,21:30,1009.5,5.29,76.42,2.13,293.9,0.0
2026-01-26,21:40,1008.38,7.27,75.52,1.5,249.1,17.77
2026-01-26,21:50,1008.32,5.86,74.14,2.02,239.4,7.69
2026-01-26,22:00,1009.11,4.79,77.65,1.94,220.4,0.0
2026-01-26,22:10,1009.08,6.09,72.25,1.73,256.8,14.96
2026-01-26,22:20,1009.08,6.32,73.22,2.16,270.2,5.36
2026-01-26,22:30,1010.12,5.47,77.38,2.78,266.5,2.79
2026-01-26,22:40,1009.78,5.03,78.33,2.07,238.4,2.71
2026-01-26,22:50,1009.46,5.04,70.83,2.13,254.2,5.58
2026-01-26,23:00,1009.97,4.7,80.43,2.94,287.1,6.07
2026-01-26,23:10,1008.85,3.84,82.15,2.91,272.3,26.35
2026-01-26,23:20,1009.99,4.11,79.18,3.4,226.2,0.0
2026-01-26,23:30,1010.08,4.81,89.4,1.11,182.3,0.0
2026-01-26,23:40,1008.48,4.52,77.56,3.03,253.6,0.0
2026-01-26,23:50,1011.02,4.26,79.21,2.87,266.3,0.0
2026-01-27,00:00,1009.19,3.31,79.41,1.88,219.3,22.35
2026-01-27,00:10,1010.21,3.76,81.0,2.73,246.5,11.81
2026-01-27,00:20,1011.34,2.24,80.28,3.34,240.3,0.0
2026-01-27,00:30,1011.15,3.79,76.23,2.08,249.7,0.36
2026-01-27,00:40,1010.3,4.57,79.91,3.02,233.7,0.0
2026-01-27,00:50,1009.95,2.45,81.92,3.37,279.7,0.0
2026-01-27,01:00,1011.31,3.0,87.4,2.06,251.3,1.79
2026-01-27,01:10,1011.08,3.58,91.45,2.76,225.8,0.0
2026-01-27,01:20,1009.84,4.17,88.11,3.12,270.9,0.0
2026-01-27,01:30,1009.71,2.94,79.77,2.4,216.5,5.88
2026-01-27,01:40,1008.47,2.74,80.16,2.39,280.3,0.0
2026-01-27,01:50,1010.74,1.83,82.35,2.96,273.1,0.0
2026-01-27,02:00,1010.55,3.27,90.14,3.66,283.2,0.0
2026-01-27,02:10,1011.81,4.64,82.32,3.6,244.6,0.0
2026-01-27,02:20,1011.08,3.42,77.63,2.59,236.3,0.0
2026-01-27,02:30,1012.09,3.24,80.87,3.69,250.9,0.0
2026-01-27,02:40,1010.1,3.52,85.8,2.69,246.8,13.55
2026-01-27,02:50,1011.97,3.34,85.4,2.18,232.7,0.0
2026-01-27,03:00,1010.34,2.84,81.69,3.09,235.3,0.0
2026-01-27,03:10,1011.68,4.05,85.04,4.17,240.1,0.0
2026-01-27,03:20,1009.48,3.72,73.0,3.88,220.1,0.0
2026-01-27,03:30,1011.2,3.67,82.27,3.45,266.4,4.93
2026-01-27,03:40,1009.01,3.08,85.04,3.19,248.2,0.0
2026-01-27,03:50,1010.75,4.79,77.97,3.24,241.8,0.0
2026-01-27,04:00,1011.49,4.47,77.65,3.62,221.9,0.0
2026-01-27,04:10,1010.55,3.75,73.19,2.82,220.7,0.0
2026-01-27,04:20,1010.04,4.99,86.65,3.34,298.1,0.0
2026-01-27,04:30,1011.96,4.09,77.02,3.46,234.1,0.0
2026-01-27,04:40,1011.03,4.06,80.45,2.68,265.1,0.0
2026-01-27,04:50,1010.66,4.24,81.47,3.06,253.9,0.66
2026-01-27,05:00,1011.2,3.72,84.65,3.95,180.5,0.0
2026-01-27,05:10,1013.81,5.48,77.52,3.68,294.7,2.77
2026-01-27,05:20,1012.34,4.06,75.48,3.47,267.1,11.32
2026-01-27,05:30,1012.35,4.69,77.82,3.05,230.8,7.12
2026-01-27,05:40,1011.63,4.31,81.74,4.8,249.3,11.46
2026-01-27,05:50,1011.37,5.92,75.38,3.11,221.3,0.0
2026-01-27,06:00,1008.8,6.09,71.68,3.88,295.7,0.0
2026-01-27,06:10,1010.52,6.2,68.76,3.36,227.3,33.16
2026-01-27,06:20,1010.72,5.93,69.45,3.72,236.9,58.65
2026-01-27,06:30,1009.32,6.08,77.2,4.01,231.7,67.64
2026-01-27,06:40,1010.03,7.47,71.85,2.72,252.0,108.19
2026-01-27,06:50,1009.19,7.01,70.08,3.67,284.2,114.4
2026-01-27,07:00,1011.12,7.87,69.02,4.49,294.6,156.14
2026-01-27,07:10,1011.97,7.28,71.59,4.88,239.9,174.43
2026-01-27,07:20,1012.24,8.29,69.65,3.54,259.3,182.18
2026-01-27,07:30,1011.53,9.33,68.87,3.64,251.8,217.27
2026-01-27,07:40,1010.13,9.09,74.7,5.14,225.2,271.93
2026-01-27,07:50,1009.14,8.65,74.81,4.36,310.2,270.99
2026-01-27,08:00,1009.29,9.38,61.56,3.11,283.7,318.47
2026-01-27,08:10,1009.75,9.29,68.66,3.08,254.3,295.3
2026-01-27,08:20,1010.11,9.73,63.59,4.15,289.0,342.81
2026-01-27,08:30,1010.81,9.76,65.05,2.74,279.7,323.94
2026-01-27,08:40,1009.92,10.13,66.63,4.18,251.4,374.24
2026-01-27,08:50,1011.24,10.65,63.9,3.62,257.4,401.0
2026-01-27,09:00,1010.64,10.06,65.04,3.71,286.9,421.92
2026-01-27,09:10,1010.84,10.29,66.18,3.13,225.4,419.94
2026-01-27,09:20,1011.93,10.28,64.05,2.83,290.8,458.85
2026-01-27,09:30,1009.58,10.38,59.67,4.25,243.2,455.99
2026-01-27,09:40,1011.14,10.89,59.14,3.02,286.8,475.56
2026-01-27,09:50,1010.66,12.08,55.31,2.86,248.5,486.57
2026-01-27,10:00,1010.3,11.58,57.08,3.04,256.9,491.43
2026-01-27,10:10,1011.48,12.79,67.79,3.19,247.5,536.26
2026-01-27,10:20,1011.43,12.67,56.23,2.29,234.9,529.37
2026-01-27,10:30,1009.56,11.48,54.1,2.56,241.3,552.21
2026-01-27,10:40,1010.27,13.52,59.64,2.48,282.4,561.04
2026-01-27,10:50,1010.69,13.82,57.42,3.45,189.9,545.19
2026-01-27,11:00,1010.09,12.75,56.61,2.19,216.6,578.65
2026-01-27,11:10,1010.9,13.92,62.58,1.53,229.3,576.28
2026-01-27,11:20,1010.55,13.2,58.71,1.33,220.3,562.84
2026-01-27,11:30,1012.05,14.03,53.98,1.63,284.9,584.72
2026-01-27,11:40,1008.64,13.23,54.01,3.56,278.4,569.96
2026-01-27,11:50,1010.0,13.01,53.34,2.56,261.6,603.31
2026-01-27,12:00,1009.17,14.13,58.51,2.85,230.6,594.48
2026-01-27,12:10,1010.63,14.44,53.46,2.82,279.8,583.43
2026-01-27,12:20,1008.36,14.36,47.23,2.43,206.5,597.92
2026-01-27,12:30,1010.28,13.92,53.95,2.29,299.5,561.1
2026-01-27,12:40,1009.25,14.56,47.76,3.02,228.7,567.34
2026-01-27,12:50,1009.1,15.12,62.43,2.34,239.0,568.44
2026-01-27,13:00,1008.35,14.97,49.65,3.17,234.6,592.35
2026-01-27,13:10,1009.28,15.19,52.71,2.57,218.3,545.65
2026-01-27,13:20,1010.79,14.65,54.26,1.66,293.0,529.92
2026-01-27,13:30,1009.63,15.98,51.97,1.69,264.4,523.93
2026-01-27,13:40,1010.24,14.36,51.9,1.48,274.8,541.96
2026-01-27,13:50,1011.24,15.54,54.7,2.8,213.6,512.76
2026-01-27,14:00,1009.8,16.04,59.1,1.62,248.5,505.79
2026-01-27,14:10,1008.94,15.54,56.08,1.3,256.7,503.69
2026-01-27,14:20,1009.92,15.04,58.97,2.04,250.2,478.53
2026-01-27,14:30,1008.88,14.79,48.94,1.7,214.2,467.85
2026-01-27,14:40,1008.88,15.84,54.5,1.93,269.8,455.9
2026-01-27,14:50,1007.83,14.07,53.98,3.01,245.7,427.53
2026-01-27,15:00,1010.25,14.33,54.92,2.29,218.5,413.09
2026-01-27,15:10,1008.9,14.65,59.2,1.63,195.7,399.57
2026-01-27,15:20,1009.44,15.72,53.02,0.59,257.0,387.91
2026-01-27,15:30,1008.2,15.02,52.52,1.2,302.8,348.08
2026-01-27,15:40,1009.65,13.97,56.54,2.01,215.8,300.75
2026-01-27,15:50,1008.43,14.32,47.58,0.67,245.2,323.91
2026-01-27,16:00,1009.03,13.98,54.06,2.96,268.4,305.03
2026-01-27,16:10,1010.03,13.78,54.81,1.45,208.6,273.87
2026-01-27,16:20,1009.92,14.81,52.03,1.45,228.0,251.74
2026-01-27,16:30,1009.1,13.01,60.33,0.92,218.2,218.32
2026-01-27,16:40,1007.34,14.94,52.26,1.72,264.0,207.22
2026-01-27,16:50,1012.09,14.22,56.4,0.54,272.2,187.19
2026-01-27,17:00,1010.84,14.22,58.57,2.86,242.7,153.01
2026-01-27,17:10,1009.81,12.94,63.28,2.25,217.3,157.32
2026-01-27,17:20,1008.33,12.97,58.32,2.01,227.0,83.49
2026-01-27,17:30,1008.97,11.87,62.61,0.34,221.9,78.83
2026-01-27,17:40,1008.54,12.29,62.2,1.45,212.9,37.25
2026-01-27,17:50,1010.35,12.79,60.43,2.15,234.4,36.26
2026-01-27,18:00,1009.36,13.12,56.14,1.72,251.0,0.0
2026-01-27,18:10,1008.32,11.21,55.34,0.6,248.5,0.0
2026-01-27,18:20,1008.65,11.5,62.09,0.85,235.7,0.0
2026-01-27,18:30,1010.25,11.41,60.09,0.99,237.0,3.19
2026-01-27,18:40,1010.75,10.29,66.55,0.9,233.1,0.0
2026-01-27,18:50,1010.7,11.44,66.47,2.4,202.4,0.0
2026-01-27,19:00,1009.95,10.27,63.38,0.0,238.4,0.0
2026-01-27,19:10,1008.96,10.38,60.12,1.81,219.4,0.0
2026-01-27,19:20,1006.0,9.95,67.44,0.47,199.9,17.85
2026-01-27,19:30,1009.56,9.45,61.97,0.72,242.5,8.23
2026-01-27,19:40,1009.29,9.74,63.66,0.01,217.5,0.0
2026-01-27,19:50,1009.47,9.33,63.43,1.05,238.1,25.16
2026-01-27,20:00,1009.42,8.96,67.45,2.52,253.2,5.9
2026-01-27,20:10,1008.07,8.45,73.34,1.67,207.9,0.0
2026-01-27,20:20,1010.0,8.93,69.29,0.68,233.5,3.08
2026-01-27,20:30,1010.11,9.6,68.19,2.26,185.5,6.43
2026-01-27,20:40,1010.2,8.28,64.5,2.44,268.7,0.0
2026-01-27,20:50,1010.51,8.63,73.46,1.69,196.0,0.0
2026-01-27,21:00,1010.22,6.7,68.76,3.08,216.6,1.04
2026-01-27,21:10,1009.25,7.53,72.98,2.26,262.5,0.0
2026-01-27,21:20,1009.64,6.41,71.71,2.21,222.8,17.75
2026-01-27,21:30,1009.85,5.9,77.09,1.21,198.2,8.89
2026-01-27,21:40,1009.92,6.18,73.71,2.25,245.6,0.0
2026-01-27,21:50,1010.86,7.29,74.69,2.01,244.6,5.11
2026-01-27,22:00,1010.56,6.9,77.44,2.26,211.0,15.21
2026-01-27,22:10,1012.06,6.18,84.49,1.47,213.3,0.0
2026-01-27,22:20,1012.24,4.72,80.16,2.08,215.0,0.0
2026-01-27,22:30,1010.17,5.44,76.78,1.47,220.3,0.0
2026-01-27,22:40,1006.32,5.59,77.65,0.59,177.7,0.43
2026-01-27,22:50,1011.45,5.3,76.03,2.84,220.0,0.0
2026-01-27,23:00,1009.74,3.7,74.81,1.14,268.7,0.0
2026-01-27,23:10,1009.54,4.19,76.85,2.32,201.2,0.0
2026-01-27,23:20,1010.0,4.6,76.4,2.52,208.5,4.61
2026-01-27,23:30,1010.02,4.85,82.51,2.57,193.0,13.61
2026-01-27,23:40,1011.14,2.79,76.0,2.2,237.4,0.0
2026-01-27,23:50,1009.03,4.06,85.98,2.64,251.7,29.26
2026-01-28,00:00,1009.58,4.14,84.0,2.83,250.7,23.53
2026-01-28,00:10,1011.06,4.51,81.39,3.07,189.4,15.95
2026-01-28,00:20,1011.41,4.29,81.6,3.82,232.6,7.47
2026-01-28,00:30,1011.49,4.11,79.63,2.82,255.5,24.1
2026-01-28,00:40,1010.12,3.04,83.18,2.75,231.9,0.0
2026-01-28,00:50,1010.0,2.18,86.66,2.13,230.6,0.0
2026-01-28,01:00,1010.53,3.17,79.68,3.12,206.3,0.0
2026-01-28,01:10,1011.34,4.09,76.51,3.33,223.1,0.0
2026-01-28,01:20,1012.65,4.31,85.58,2.78,248.0,1.46
2026-01-28,01:30,1009.17,3.79,84.17,3.34,224.8,3.6
2026-01-28,01:40,1011.06,3.57,78.46,2.8,184.8,2.41
2026-01-28,01:50,1010.01,3.52,80.05,3.52,204.1,0.0
2026-01-28,02:00,1009.75,2.86,79.56,3.74,245.2,1.6
2026-01-28,02:10,1012.43,3.16,80.09,3.77,222.6,20.84
2026-01-28,02:20,1012.06,4.44,81.65,3.27,216.9,7.44
2026-01-28,02:30,1012.02,2.64,81.81,2.5,199.6,11.07
2026-01-28,02:40,1012.54,4.47,80.17,2.84,242.6,2.29
2026-01-28,02:50,1011.2,3.17,79.61,3.73,253.9,0.0
2026-01-28,03:00,1011.29,4.39,81.57,5.06,243.4,0.0
2026-01-28,03:10,1013.96,2.55,82.98,3.15,247.3,24.99
2026-01-28,03:20,1011.58,4.03,80.83,3.74,201.7,0.0
2026-01-28,03:30,1012.61,3.2,86.49,3.06,197.6,0.0
2026-01-28,03:40,1011.92,2.83,83.63,2.8,205.7,2.95
2026-01-28,03:50,1010.11,4.09,74.94,3.04,210.0,6.6
2026-01-28,04:00,1009.95,4.77,83.09,2.08,244.2,8.12
2026-01-28,04:10,1011.46,3.61,83.07,4.51,237.1,21.29
2026-01-28,04:20,1013.13,3.3,78.55,2.03,220.8,18.01
2026-01-28,04:30,1012.9,4.44,73.92,3.42,171.0,0.0
2026-01-28,04:40,1013.06,4.6,79.52,2.8,164.0,11.62
2026-01-28,04:50,1011.19,5.22,79.03,3.03,211.7,0.0
2026-01-28,05:00,1013.82,5.69,74.12,4.62,227.1,0.0
2026-01-28,05:10,1011.26,5.17,72.33,3.81,202.5,0.0
2026-01-28,05:20,1012.47,6.71,77.29,3.01,251.8,0.0
2026-01-28,05:30,1012.27,5.77,76.2,3.28,176.3,0.0
2026-01-28,05:40,1012.12,5.58,74.93,3.16,172.6,0.0
2026-01-28,05:50,1013.65,4.92,75.73,3.67,185.6,11.13
2026-01-28,06:00,1011.62,6.09,71.09,3.82,184.1,0.0
2026-01-28,06:10,1010.99,6.26,73.19,5.03,214.2,29.85
2026-01-28,06:20,1012.37,7.41,76.47,2.35,189.9,68.67
2026-01-28,06:30,1011.96,7.3,72.34,3.67,161.2,60.45
2026-01-28,06:40,1015.75,6.4,66.44,3.46,221.6,95.47
2026-01-28,06:50,1013.05,7.59,70.62,4.33,154.7,132.03
2026-01-28,07:00,1011.97,8.19,67.6,3.91,171.3,159.08
2026-01-28,07:10,1011.32,9.05,72.32,4.06,157.0,193.75
2026-01-28,07:20,1010.5,8.86,71.88,3.87,202.1,215.76
2026-01-28,07:30,1011.35,9.03,63.32,2.96,201.0,230.99
2026-01-28,07:40,1012.48,8.8,72.34,4.44,243.7,257.51
2026-01-28,07:50,1013.79,9.29,64.21,4.12,218.0,281.42
2026-01-28,08:00,1013.47,10.16,74.24,4.18,230.6,282.86
2026-01-28,08:10,1012.57,8.61,67.15,4.4,201.2,321.12
2026-01-28,08:20,1012.0,9.56,61.71,3.78,168.9,347.87
2026-01-28,08:30,1012.58,9.53,61.47,4.49,196.0,371.63
2026-01-28,08:40,1011.77,10.59,66.79,3.68,207.0,375.59
2026-01-28,08:50,1013.99,11.45,63.19,3.23,209.1,391.29
2026-01-28,09:00,1012.06,10.42,63.73,3.34,179.1,422.77
2026-01-28,09:10,1012.14,9.42,69.94,3.29,202.6,467.46
2026-01-28,09:20,1009.99,11.05,60.07,2.91,166.4,451.45
2026-01-28,09:30,1011.99,12.23,62.5,4.37,163.1,491.93
2026-01-28,09:40,1012.99,12.2,67.34,3.4,160.6,512.51
2026-01-28,09:50,1011.06,12.36,62.16,3.21,188.5,508.77
2026-01-28,10:00,1011.35,12.1,54.07,3.37,157.9,513.83
2026-01-28,10:10,1012.86,11.62,61.96,5.14,176.1,540.92
2026-01-28,10:20,1010.56,13.1,54.74,2.21,208.7,548.87
2026-01-28,10:30,1013.07,12.37,64.5,2.37,159.8,546.96
2026-01-28,10:40,1011.44,14.68,55.07,1.94,172.3,559.03
2026-01-28,10:50,1011.55,13.75,69.74,2.7,186.1,580.98
2026-01-28,11:00,1010.78,13.14,63.26,2.98,189.8,594.25
2026-01-28,11:10,1012.25,13.3,53.75,2.43,170.6,585.58
2026-01-28,11:20,1014.3,13.83,56.59,2.33,202.1,593.91
2026-01-28,11:30,1012.59,13.9,59.11,2.76,196.6,606.91
2026-01-28,11:40,1010.91,15.0,58.85,2.25,209.7,599.84
2026-01-28,11:50,1012.87,14.5,57.12,2.77,178.6,600.19
2026-01-28,12:00,1011.38,13.99,60.02,3.28,167.2,595.44
2026-01-28,12:10,1013.04,15.95,54.2,2.92,162.3,594.8
2026-01-28,12:20,1012.43,14.78,52.94,3.01,186.5,634.52
2026-01-28,12:30,1008.65,15.39,52.75,3.1,168.7,597.41
2026-01-28,12:40,1010.55,14.52,57.34,2.49,163.3,612.28
2026-01-28,12:50,1012.47,15.29,55.15,2.13,165.7,611.1
2026-01-28,13:00,1011.64,15.33,54.68,1.65,159.2,582.56
2026-01-28,13:10,1010.43,13.85,56.54,1.87,180.7,581.93
2026-01-28,13:20,1010.79,16.64,45.02,1.72,139.8,570.39
2026-01-28,13:30,1009.49,16.17,54.37,2.55,182.1,540.37
2026-01-28,13:40,1011.27,15.02,53.93,2.24,190.8,530.58
2026-01-28,13:50,1013.54,14.54,59.69,2.43,158.8,538.23
2026-01-28,14:00,1012.11,15.56,46.89,1.09,220.7,519.95
2026-01-28,14:10,1013.47,15.38,59.24,2.86,172.5,534.15
2026-01-28,14:20,1012.13,15.55,53.36,1.51,132.4,494.04
2026-01-28,14:30,1012.25,15.41,55.08,1.0,163.8,504.76
2026-01-28,14:40,1013.18,15.59,59.93,1.42,171.8,459.18
2026-01-28,14:50,1011.56,16.2,55.6,3.43,180.9,470.49
2026-01-28,15:00,1010.97,15.52,55.11,1.38,162.6,435.41
2026-01-28,15:10,1012.17,14.32,54.66,1.39,143.2,417.06
2026-01-28,15:20,1012.58,15.92,51.97,1.45,140.5,384.33
2026-01-28,15:30,1010.63,16.02,54.03,1.44,150.9,376.82
2026-01-28,15:40,1010.38,16.98,51.54,0.97,152.7,368.92
2026-01-28,15:50,1011.22,13.87,54.52,1.59,137.7,324.9
2026-01-28,16:00,1011.91,14.7,45.67,2.21,147.1,299.96
2026-01-28,16:10,1011.87,12.94,57.07,1.66,181.3,277.88
2026-01-28,16:20,1009.64,14.64,55.23,0.63,205.5,276.55
2026-01-28,16:30,1012.97,13.72,54.75,1.15,182.5,243.14
2026-01-28,16:40,1010.42,15.28,57.39,0.99,195.7,225.55
2026-01-28,16:50,1010.8,13.22,51.21,1.39,186.8,186.84
2026-01-28,17:00,1010.16,12.4,65.11,2.27,182.7,158.09
2026-01-28,17:10,1013.77,13.07,57.46,1.22,152.8,136.93
2026-01-28,17:20,1011.32,11.82,57.77,1.26,164.2,118.64
2026-01-28,17:30,1010.24,13.53,55.01,2.55,149.6,76.58
2026-01-28,17:40,1011.96,11.35,59.49,1.92,154.1,69.55
2026-01-28,17:50,1011.88,12.6,65.49,1.7,160.7,30.99
2026-01-28,18:00,1010.94,10.9,64.64,2.67,176.2,0.0
2026-01-28,18:10,1011.99,11.9,64.49,1.64,168.4,10.6
2026-01-28,18:20,1010.35,13.04,63.85,0.09,153.2,0.0
2026-01-28,18:30,1010.7,11.91,60.83,1.89,158.0,10.31
2026-01-28,18:40,1009.21,10.81,57.07,0.2,166.9,10.82
2026-01-28,18:50,1009.93,11.14,62.69,1.64,172.2,3.96
2026-01-28,19:00,1013.09,10.93,63.17,0.14,116.9,6.52
2026-01-28,19:10,1012.96,10.99,68.95,1.03,127.4,13.19
2026-01-28,19:20,1011.42,9.45,66.63,1.12,181.5,0.0
2026-01-28,19:30,1013.05,10.56,72.49,0.85,151.7,9.52
2026-01-28,19:40,1011.27,8.0,71.48,1.17,142.0,13.96
2026-01-28,19:50,1011.23,9.19,65.52,2.16,145.5,21.12
2026-01-28,20:00,1011.57,9.03,60.82,0.96,144.9,0.0
2026-01-28,20:10,1011.43,9.55,74.2,1.87,164.9,4.9
2026-01-28,20:20,1011.39,8.87,74.74,0.84,122.7,0.0
2026-01-28,20:30,1012.8,7.61,64.49,1.42,150.5,0.0
2026-01-28,20:40,1011.86,7.64,76.64,1.81,155.5,4.31
2026-01-28,20:50,1012.47,8.22,72.78,0.92,158.7,0.93
2026-01-28,21:00,1012.85,7.77,72.53,0.73,153.8,13.74
2026-01-28,21:10,1012.26,7.17,78.97,2.03,160.6,0.0
2026-01-28,21:20,1010.96,6.99,78.51,2.51,132.8,0.0
2026-01-28,21:30,1010.64,7.57,76.35,1.71,123.1,2.54
2026-01-28,21:40,1012.2,6.49,76.23,1.49,207.5,0.0
2026-01-28,21:50,1011.94,6.55,77.39,1.96,138.0,0.0
2026-01-28,22:00,1012.26,7.91,73.9,1.94,140.4,13.39
2026-01-28,22:10,1012.22,5.17,75.84,2.12,161.4,0.0
2026-01-28,22:20,1014.89,4.65,72.99,0.22,183.8,14.19
2026-01-28,22:30,1011.04,6.29,75.8,1.29,129.8,7.29
2026-01-28,22:40,1010.45,5.06,76.18,1.5,117.9,0.0
2026-01-28,22:50,1012.84,5.12,75.59,2.24,111.3,6.36
2026-01-28,23:00,1012.2,4.61,79.15,2.32,181.7,6.27
2026-01-28,23:10,1012.96,4.79,77.76,2.69,115.4,5.08
2026-01-28,23:20,1013.3,5.92,81.5,2.47,140.2,0.0
2026-01-28,23:30,1014.07,5.2,73.41,1.43,115.9,0.0
2026-01-28,23:40,1011.35,5.09,79.83,3.41,103.6,16.15
2026-01-28,23:50,1012.37,3.35,81.18,3.34,132.0,0.0
2026-01-29,00:00,1013.43,3.4,79.75,1.62,115.4,0.0
2026-01-29,00:10,1013.84,2.1,80.62,2.79,121.1,5.49
2026-01-29,00:20,1015.34,3.4,75.25,2.19,188.0,0.0
2026-01-29,00:30,1014.17,4.54,83.28,2.75,148.0,0.0
2026-01-29,00:40,1013.23,4.14,84.69,3.45,160.2,0.0
2026-01-29,00:50,1012.46,3.54,84.28,4.25,157.0,0.0
2026-01-29,01:00,1012.86,3.6,86.64,3.34,133.4,0.0
2026-01-29,01:10,1012.9,3.08,83.45,3.07,124.5,9.68
2026-01-29,01:20,1014.22,3.65,84.69,2.67,141.2,0.0
2026-01-29,01:30,1013.88,4.01,83.5,3.09,138.7,15.03
2026-01-29,01:40,1012.37,2.31,85.69,3.96,119.9,0.0
2026-01-29,01:50,1013.32,3.64,76.68,3.02,136.9,0.0
2026-01-29,02:00,1014.7,4.08,79.43,2.48,115.5,1.79
2026-01-29,02:10,1014.24,3.14,89.33,2.01,128.4,22.27
2026-01-29,02:20,1014.52,3.94,73.1,3.55,123.9,6.37
2026-01-29,02:30,1014.39,5.45,82.31,3.4,100.1,38.58
2026-01-29,02:40,1015.7,3.45,87.46,2.82,72.6,3.98
2026-01-29,02:50,1014.36,3.85,82.27,4.03,107.5,2.83
2026-01-29,03:00,1013.8,3.12,80.87,3.05,175.6,0.0
2026-01-29,03:10,1013.32,3.84,82.82,3.29,122.3,5.14
2026-01-29,03:20,1014.54,4.12,80.68,3.41,149.0,2.02
2026-01-29,03:30,1011.9,4.03,81.98,3.21,76.1,0.0
2026-01-29,03:40,1014.21,3.29,78.86,3.65,103.6,0.0
2026-01-29,03:50,1014.23,4.26,85.74,4.32,94.5,0.0
2026-01-29,04:00,1013.12,5.27,86.68,2.74,122.9,0.0
2026-01-29,04:10,1013.6,4.7,80.12,3.91,188.1,25.08
2026-01-29,04:20,1015.38,5.21,74.74,3.71,138.7,0.0
2026-01-29,04:30,1014.84,4.52,77.8,3.72,169.2,2.03
2026-01-29,04:40,1014.75,5.38,78.75,4.24,120.0,0.0
2026-01-29,04:50,1014.99,5.22,81.08,3.68,160.1,9.4
2026-01-29,05:00,1014.81,4.55,74.57,4.0,177.4,2.12
2026-01-29,05:10,1015.99,5.63,75.06,4.17,122.5,0.0
2026-01-29,05:20,1014.9,4.91,79.68,3.33,111.4,0.0
2026-01-29,05:30,1013.34,5.36,80.89,3.9,91.5,2.92
2026-01-29,05:40,1016.46,6.15,74.12,3.52,116.4,0.0
2026-01-29,05:50,1015.22,6.45,70.73,3.61,125.8,0.0
2026-01-29,06:00,1014.28,5.63,88.64,3.47,174.1,0.0
2026-01-29,06:10,1013.63,7.43,78.06,4.03,90.6,44.3
2026-01-29,06:20,1015.3,7.33,73.27,3.75,124.2,64.44
2026-01-29,06:30,1014.79,6.68,77.22,3.97,77.0,98.3
2026-01-29,06:40,1016.5,6.34,72.63,3.67,111.3,121.72
2026-01-29,06:50,1014.58,7.57,75.98,2.55,129.4,141.7
2026-01-29,07:00,1014.1,7.61,72.52,3.68,134.1,147.28
2026-01-29,07:10,1015.83,8.26,71.61,3.69,135.7,209.22
2026-01-29,07:20,1015.87,8.18,70.15,3.8,130.6,201.72
2026-01-29,07:30,1015.11,7.29,64.17,3.19,134.8,235.0
2026-01-29,07:40,1015.61,8.69,77.06,2.75,121.1,271.63
2026-01-29,07:50,1014.89,9.01,64.89,4.0,93.5,296.67
2026-01-29,08:00,1015.16,9.93,62.56,3.35,73.1,318.36
2026-01-29,08:10,1016.08,9.26,66.49,3.63,105.4,330.01
2026-01-29,08:20,1015.53,11.19,62.85,3.29,115.4,350.23
2026-01-29,08:30,1014.72,8.94,65.84,3.45,149.8,409.96
2026-01-29,08:40,1016.23,11.45,68.15,3.1,115.7,400.39
2026-01-29,08:50,1012.49,10.64,68.73,2.71,113.0,419.48
2026-01-29,09:00,1016.89,11.65,67.38,3.68,127.3,432.63
2026-01-29,09:10,1013.11,11.36,62.27,2.89,110.6,463.07
2026-01-29,09:20,1014.17,12.35,63.07,3.39,137.3,480.59
2026-01-29,09:30,1014.73,11.53,63.89,3.52,166.3,495.2
2026-01-29,09:40,1014.6,11.27,54.63,2.78,171.3,516.21
2026-01-29,09:50,1015.73,13.27,63.36,2.3,118.7,548.07
2026-01-29,10:00,1013.64,12.43,54.67,4.8,124.5,534.05
2026-01-29,10:10,1014.93,12.89,68.1,2.68,155.3,554.96
2026-01-29,10:20,1014.06,13.82,57.78,3.44,111.8,558.88
2026-01-29,10:30,1014.9,12.44,58.13,4.32,132.3,581.32
2026-01-29,10:40,1014.51,13.79,55.28,3.46,86.7,581.01
2026-01-29,10:50,1014.64,13.16,55.35,2.65,107.1,590.45
2026-01-29,11:00,1013.96,13.67,66.49,2.76,143.6,587.03
2026-01-29,11:10,1013.97,13.99,60.7,2.18,96.5,612.37
2026-01-29,11:20,1014.73,13.07,50.31,3.33,111.0,621.84
2026-01-29,11:30,1015.35,13.74,62.12,3.05,74.7,643.33
2026-01-29,11:40,1013.77,15.39,60.49,2.24,164.0,629.77
2026-01-29,11:50,1013.47,15.21,54.22,1.82,145.2,620.69
2026-01-29,12:00,1014.92,14.68,56.24,1.58,118.1,610.53
2026-01-29,12:10,1014.23,15.02,54.64,3.14,125.9,611.75
2026-01-29,12:20,1015.06,14.77,62.3,2.48,123.0,609.23
2026-01-29,12:30,1013.29,16.03,50.96,2.49,147.5,644.5
2026-01-29,12:40,1012.38,15.04,54.49,1.72,99.7,621.41
2026-01-29,12:50,1013.59,15.42,51.98,1.22,130.9,605.78
2026-01-29,13:00,1013.32,16.14,47.78,2.86,139.3,594.91
2026-01-29,13:10,1013.98,14.86,62.12,2.17,142.6,588.64
2026-01-29,13:20,1013.39,16.54,48.5,2.72,55.6,582.95
2026-01-29,13:30,1014.73,14.42,54.01,1.77,97.0,596.27
2026-01-29,13:40,1013.67,16.67,46.09,1.83,86.3,569.23
2026-01-29,13:50,1014.08,15.28,51.42,2.45,115.4,540.23
2026-01-29,14:00,1014.06,15.38,54.69,2.41,61.1,572.28
2026-01-29,14:10,1014.07,14.23,49.72,2.41,60.3,516.77
2026-01-29,14:20,1013.82,15.22,55.4,1.61,165.5,508.25
2026-01-29,14:30,1014.33,14.78,52.05,2.2,126.6,514.96
2026-01-29,14:40,1013.0,15.04,57.87,2.51,114.1,487.16
2026-01-29,14:50,1015.17,15.32,58.8,1.62,120.1,458.56
2026-01-29,15:00,1013.51,16.03,51.16,1.29,114.5,430.54
2026-01-29,15:10,1012.42,15.43,54.0,2.56,135.7,413.98
2026-01-29,15:20,1013.9,15.42,54.64,1.12,94.9,394.14
2026-01-29,15:30,1012.84,14.35,56.62,1.99,115.3,383.76
2026-01-29,15:40,1014.34,14.39,54.46,1.48,116.2,363.89
2026-01-29,15:50,1015.87,16.16,55.46,0.2,84.3,337.03
2026-01-29,16:00,1012.86,14.26,54.04,2.25,142.3,314.9
2026-01-29,16:10,1013.97,15.8,55.81,0.49,99.2,278.72
2026-01-29,16:20,1011.88,14.32,60.9,0.02,135.7,270.22
2026-01-29,16:30,1014.08,14.34,58.68,1.76,113.1,256.93
2026-01-29,16:40,1012.74,14.93,59.31,1.74,151.0,214.0
2026-01-29,16:50,1013.0,14.9,59.83,0.91,84.1,187.73
2026-01-29,17:00,1012.52,13.75,56.78,1.44,83.0,164.5
2026-01-29,17:10,1014.36,13.37,59.14,0.44,87.4,150.19
2026-01-29,17:20,1014.64,13.41,54.02,1.81,113.4,99.02
2026-01-29,17:30,1013.66,13.48,63.94,1.49,148.6,99.93
2026-01-29,17:40,1012.78,13.66,48.26,1.27,149.8,60.17
2026-01-29,17:50,1015.25,12.82,59.59,1.32,52.3,27.94
2026-01-29,18:00,1012.92,13.03,65.06,1.65,116.2,14.56
2026-01-29,18:10,1011.52,13.52,55.62,1.28,29.7,0.0
2026-01-29,18:20,1014.16,12.41,63.26,0.01,129.9,6.26
2026-01-29,18:30,1012.62,12.12,59.54,2.85,138.0,5.16
2026-01-29,18:40,1014.74,10.6,61.39,2.16,109.0,0.0
2026-01-29,18:50,1013.39,9.57,67.27,0.43,112.2,5.53
2026-01-29,19:00,1014.4,11.44,64.91,1.1,111.9,3.4
2026-01-29,19:10,1015.23,10.85,56.62,1.19,90.5,0.0
2026-01-29,19:20,1012.65,10.3,61.49,2.13,121.0,10.35
2026-01-29,19:30,1013.32,10.57,69.94,0.12,104.4,0.0
2026-01-29,19:40,1013.85,10.1,68.49,1.06,133.5,3.24
2026-01-29,19:50,1015.5,10.67,74.34,0.2,107.5,0.0
2026-01-29,20:00,1013.34,9.68,74.73,1.26,88.9,0.0
2026-01-29,20:10,1013.45,8.84,67.29,1.16,72.1,6.03
2026-01-29,20:20,1014.56,9.8,79.32,1.57,63.9,0.0
2026-01-29,20:30,1013.55,8.7,70.06,1.12,143.4,0.0
2026-01-29,20:40,1014.33,8.96,66.75,1.06,99.2,0.0
2026-01-29,20:50,1012.67,8.0,68.71,2.05,119.2,9.47
2026-01-29,21:00,1016.49,7.63,62.86,1.97,155.4,0.0
2026-01-29,21:10,1012.98,7.89,78.94,2.08,96.9,3.35
2026-01-29,21:20,1014.05,7.6,79.51,1.6,95.4,0.66
2026-01-29,21:30,1014.4,7.68,69.68,1.37,107.9,0.0
2026-01-29,21:40,1016.4,6.92,73.43,1.73,112.0,23.48
2026-01-29,21:50,1013.22,5.59,75.31,2.21,158.6,2.16
2026-01-29,22:00,1016.58,6.35,71.66,0.38,150.7,9.07
2026-01-29,22:10,1015.41,6.98,69.04,2.22,127.2,3.42
2026-01-29,22:20,1015.13,6.0,75.76,2.21,148.0,0.0
2026-01-29,22:30,1013.79,5.83,75.85,2.08,107.5,0.0
2026-01-29,22:40,1015.41,6.49,76.09,1.99,119.6,17.5
2026-01-29,22:50,1014.18,5.11,79.02,0.34,104.7,13.06
2026-01-29,23:00,1016.23,4.34,84.32,1.88,80.1,23.42
2026-01-29,23:10,1014.06,5.13,77.85,3.49,142.6,2.66
2026-01-29,23:20,1014.98,4.73,80.17,2.3,126.0,0.0
2026-01-29,23:30,1014.6,4.23,82.81,2.13,113.3,0.0
2026-01-29,23:40,1014.23,4.63,82.5,2.41,113.0,0.0
2026-01-29,23:50,1016.02,4.96,78.19,2.7,75.6,9.2
2026-01-30,00:00,1015.88,4.47,81.38,2.96,89.0,0.0
2026-01-30,00:10,1016.62,4.57,83.5,2.39,122.0,0.0
2026-01-30,00:20,1013.69,5.51,77.08,2.9,100.6,29.57
2026-01-30,00:30,1016.6,3.9,86.91,3.83,108.6,0.0
2026-01-30,00:40,1018.11,4.24,87.82,3.41,111.6,0.0
2026-01-30,00:50,1015.21,3.61,79.41,4.4,97.4,20.06
2026-01-30,01:00,1017.62,3.3,83.26,2.35,90.5,0.0
2026-01-30,01:10,1015.52,3.42,85.21,4.03,74.6,13.64
2026-01-30,01:20,1014.47,3.45,80.59,2.36,111.4,0.0
2026-01-30,01:30,1015.6,4.0,84.8,3.21,130.8,0.0
2026-01-30,01:40,1017.01,5.36,83.6,3.52,74.5,20.47
2026-01-30,01:50,1015.18,3.2,77.11,2.7,115.2,11.08
2026-01-30,02:00,1015.48,3.41,84.84,3.16,123.1,11.04
2026-01-30,02:10,1016.73,3.66,78.59,3.78,91.6,4.41
2026-01-30,02:20,1016.19,4.0,86.7,2.69,152.1,7.19
2026-01-30,02:30,1016.83,3.94,80.19,4.4,107.2,0.0
2026-01-30,02:40,1016.53,4.7,82.13,2.3,114.6,1.34
2026-01-30,02:50,1016.82,2.15,88.13,4.67,113.3,0.0
2026-01-30,03:00,1015.96,2.25,84.47,4.05,73.4,0.0
2026-01-30,03:10,1016.67,3.65,77.99,3.32,143.1,4.93
2026-01-30,03:20,1015.55,4.85,78.04,3.14,94.3,13.9
2026-01-30,03:30,1017.81,3.08,79.46,3.1,112.6,0.0
2026-01-30,03:40,1015.93,2.18,83.17,3.39,133.7,0.0
2026-01-30,03:50,1017.73,4.8,82.74,3.48,155.6,0.0
2026-01-30,04:00,1016.4,4.7,77.62,4.42,92.4,0.09
2026-01-30,04:10,1016.87,3.91,75.98,4.94,108.5,9.12
2026-01-30,04:20,1016.21,4.13,81.41,3.73,154.6,9.5
2026-01-30,04:30,1015.72,4.29,79.17,3.02,131.9,6.54
2026-01-30,04:40,1015.02,5.22,88.12,3.25,137.4,0.0
2026-01-30,04:50,1015.73,4.88,79.21,3.52,94.7,0.0
2026-01-30,05:00,1016.49,5.84,85.86,2.94,111.8,9.54
2026-01-30,05:10,1017.04,3.69,73.45,2.85,117.4,9.74
2026-01-30,05:20,1017.86,5.29,71.35,5.15,100.5,0.0
2026-01-30,05:30,1016.42,5.31,72.65,3.9,80.4,0.0
2026-01-30,05:40,1016.0,6.13,81.36,3.11,109.9,14.01
2026-01-30,05:50,1015.45,6.15,83.08,4.27,156.9,0.0
2026-01-30,06:00,1017.38,7.31,72.37,2.88,124.8,8.95
2026-01-30,06:10,1018.29,5.68,73.08,2.93,158.1,26.49
2026-01-30,06:20,1018.18,7.25,69.66,3.13,128.6,43.65
2026-01-30,06:30,1017.63,7.85,66.49,4.85,105.3,103.56
2026-01-30,06:40,1017.55,9.01,76.0,3.5,156.8,113.51
2026-01-30,06:50,1018.61,7.62,73.4,1.96,130.5,131.19
2026-01-30,07:00,1017.24,8.44,71.92,4.51,149.6,150.43
2026-01-30,07:10,1017.55,7.21,65.65,3.43,99.3,178.74
2026-01-30,07:20,1016.57,7.05,77.16,2.33,152.3,216.48
2026-01-30,07:30,1015.52,9.58,67.94,3.39,153.5,270.4
2026-01-30,07:40,1016.18,9.25,71.44,3.95,134.4,266.16
2026-01-30,07:50,1016.84,10.34,62.84,3.85,107.4,315.91
2026-01-30,08:00,1016.89,8.82,67.24,4.8,126.8,321.79
2026-01-30,08:10,1018.74,10.41,68.51,2.92,143.7,333.4
2026-01-30,08:20,1016.87,11.62,68.0,3.52,134.7,365.46
2026-01-30,08:30,1017.94,10.86,66.66,2.96,144.3,378.63
2026-01-30,08:40,1016.3,11.02,67.37,2.34,155.0,405.86
2026-01-30,08:50,1016.4,11.1,60.23,4.0,113.9,426.86
2026-01-30,09:00,1015.35,10.25,64.91,3.67,101.6,435.17
2026-01-30,09:10,1015.91,12.55,63.94,3.51,130.0,495.83
2026-01-30,09:20,1017.14,11.42,63.8,3.57,123.1,498.98
2026-01-30,09:30,1016.59,12.45,62.55,2.75,151.5,506.04
2026-01-30,09:40,1017.49,11.24,56.57,2.48,105.4,533.8
2026-01-30,09:50,1016.69,11.75,55.8,3.17,158.2,536.97
2026-01-30,10:00,1016.11,13.81,51.64,3.91,167.0,529.77
2026-01-30,10:10,1018.57,12.79,63.21,4.18,133.6,611.07
2026-01-30,10:20,1016.29,14.27,62.71,3.56,135.6,590.54
2026-01-30,10:30,1017.5,13.41,62.24,2.98,115.3,592.76
2026-01-30,10:40,1015.9,12.38,59.59,3.1,121.4,587.05
2026-01-30,10:50,1016.96,14.5,49.33,2.87,125.3,601.59
2026-01-30,11:00,1017.14,13.65,53.29,2.09,172.0,647.47
2026-01-30,11:10,1016.37,14.74,57.62,2.78,134.6,652.54
2026-01-30,11:20,1013.76,14.44,57.05,1.77,103.8,649.26
2026-01-30,11:30,1016.09,13.51,55.21,2.57,143.8,631.32
2026-01-30,11:40,1017.25,14.86,57.19,3.75,158.5,666.08
2026-01-30,11:50,1016.5,16.43,55.4,3.13,137.7,655.38
2026-01-30,12:00,1016.37,15.37,55.49,1.85,175.6,658.63
2026-01-30,12:10,1014.15,15.12,52.14,2.4,158.8,655.67
2026-01-30,12:20,1015.11,16.03,58.33,1.81,113.6,630.55
2026-01-30,12:30,1016.19,15.53,52.42,2.3,126.6,631.33
2026-01-30,12:40,1016.14,15.63,48.58,3.02,146.5,635.43
2026-01-30,12:50,1016.9,14.8,50.61,2.7,99.7,643.89
2026-01-30,13:00,1015.49,15.81,52.12,3.93,150.3,613.01
2026-01-30,13:10,1016.0,16.43,57.33,2.97,98.3,619.68
2026-01-30,13:20,1015.56,15.18,53.06,2.23,168.5,610.68
2026-01-30,13:30,1014.51,16.8,52.38,2.51,166.1,612.15
2026-01-30,13:40,1013.2,15.77,48.06,1.85,156.6,599.43
2026-01-30,13:50,1015.84,15.23,56.16,1.16,127.6,566.77
2026-01-30,14:00,1015.54,16.56,50.39,2.81,149.3,582.7
2026-01-30,14:10,1014.71,15.66,52.61,2.56,132.7,536.75
2026-01-30,14:20,1013.66,16.37,58.98,1.64,120.3,548.13
2026-01-30,14:30,1015.87,15.61,55.16,1.96,138.1,511.71
2026-01-30,14:40,1014.94,15.74,46.71,2.6,164.6,502.56
2026-01-30,14:50,1015.73,16.08,46.28,2.28,148.8,484.63
2026-01-30,15:00,1017.0,15.87,53.25,0.63,184.5,464.69
2026-01-30,15:10,1012.96,14.2,48.84,1.79,167.9,449.92
2026-01-30,15:20,1014.37,14.73,56.5,1.46,165.8,425.18
2026-01-30,15:30,1014.83,16.08,54.31,2.33,109.6,407.73
2026-01-30,15:40,1016.46,15.23,55.07,2.24,143.3,380.98
2026-01-30,15:50,1013.34,14.84,51.87,2.41,124.4,336.58
2026-01-30,16:00,1016.89,14.13,61.98,0.68,147.0,330.66
2026-01-30,16:10,1015.06,14.2,66.72,0.89,134.8,295.68
2026-01-30,16:20,1014.81,13.39,54.6,2.19,143.2,263.58
2026-01-30,16:30,1014.69,14.58,57.51,0.98,179.7,247.31
2026-01-30,16:40,1014.43,14.08,56.9,0.31,165.7,226.4
2026-01-30,16:50,1015.9,13.65,55.9,1.73,179.5,200.17
2026-01-30,17:00,1013.77,14.1,54.07,0.96,114.9,182.42
2026-01-30,17:10,1015.17,14.21,53.53,2.58,156.9,157.68
2026-01-30,17:20,1014.43,15.23,53.82,1.53,180.2,117.98
2026-01-30,17:30,1014.05,12.5,60.49,1.42,194.3,91.88
2026-01-30,17:40,1017.39,14.16,57.32,1.05,118.5,58.36
2026-01-30,17:50,1015.22,13.82,49.63,2.41,149.0,37.85
2026-01-30,18:00,1015.41,12.37,62.28,1.55,184.2,5.84
2026-01-30,18:10,1015.94,12.83,60.92,1.02,154.1,0.0
2026-01-30,18:20,1013.38,12.14,67.05,0.75,136.8,25.82
2026-01-30,18:30,1016.56,12.35,63.75,1.26,121.4,0.0
2026-01-30,18:40,1012.31,13.03,56.96,0.63,137.0,17.45
2026-01-30,18:50,1014.06,12.16,54.57,2.05,119.1,0.0
2026-01-30,19:00,1014.38,11.84,61.24,0.08,163.3,9.76
2026-01-30,19:10,1015.43,10.93,62.25,1.26,184.9,17.24
2026-01-30,19:20,1015.09,9.94,69.17,1.8,131.5,0.0
2026-01-30,19:30,1014.72,10.57,66.01,1.63,170.1,1.67
2026-01-30,19:40,1014.89,11.31,71.23,0.91,185.4,8.58
2026-01-30,19:50,1013.95,9.13,62.05,1.9,164.8,3.02
2026-01-30,20:00,1013.46,9.21,71.86,0.84,125.2,4.54
2026-01-30,20:10,1015.7,9.77,71.54,1.47,175.7,1.63
2026-01-30,20:20,1015.7,8.74,61.23,1.97,165.3,0.0
2026-01-30,20:30,1016.62,8.61,75.25,1.87,163.3,28.42
2026-01-30,20:40,1014.28,8.62,70.98,1.11,154.2,0.0
2026-01-30,20:50,1015.79,7.7,72.81,2.45,170.6,5.21
2026-01-30,21:00,1014.85,7.72,68.42,1.71,181.8,0.0
2026-01-30,21:10,1016.36,8.65,77.61,2.21,229.4,0.0
2026-01-30,21:20,1016.23,7.0,68.39,2.8,173.1,0.0
2026-01-30,21:30,1015.46,6.55,77.07,2.55,208.6,0.0
2026-01-30,21:40,1014.94,6.99,77.62,2.6,180.4,13.1
2026-01-30,21:50,1016.29,7.71,71.03,1.99,169.6,0.0
2026-01-30,22:00,1016.01,6.83,83.43,2.46,176.4,0.0
2026-01-30,22:10,1014.73,6.43,76.99,2.1,142.7,0.0
2026-01-30,22:20,1014.13,6.57,79.22,1.15,181.5,1.13
2026-01-30,22:30,1015.21,5.1,71.02,2.25,124.7,0.0
2026-01-30,22:40,1017.06,6.47,86.11,2.27,153.6,11.91
2026-01-30,22:50,1016.74,6.2,73.24,2.55,178.5,3.62
2026-01-30,23:00,1014.52,5.46,82.71,2.1,206.2,0.0
2026-01-30,23:10,1014.52,6.27,75.08,1.71,212.7,10.2
2026-01-30,23:20,1017.01,4.61,77.01,2.75,171.6,0.1
2026-01-30,23:30,1014.64,6.02,83.06,1.42,182.1,0.26
2026-01-30,23:40,1016.34,5.19,84.4,3.42,203.4,0.0
2026-01-30,23:50,1015.26,4.7,75.57,2.29,146.2,0.0
2026-01-03,18:40,1014.64,11.67,63.74,1.2,168.4,0.0
